:020000041008E2
:1000000000000828E5340910A5430910153D091022
:10001000A9430910AD430910B143091000000000C5
:10002000000000000000000000000000E93D091091
:10003000B543091000000000B9430910BD43091081
:100040006B33091091330910B7330910DD330910F0
:1000500003340910293409104F340910753409107C
:10006000C1430910C5430910C9430910CD43091004
:10007000D1430910D5430910D9430910DD430910B4
:1000800080B5002002F0B2FE03F0CAFB322003F07C
:1000900068FE02F06DFE01BD80B5DFF8D01808786B
:1000A000002804D00320DFF8C828107012E0DFF821
:1000B000400B0078002804D00220DFF8B42810702C
:1000C00008E0DFF83C090078002803D00120DFF8C1
:1000D000A0281070DFF898080078012806D0C0F03A
:1000E0002E82032800F0DA802ED328E2DFF81009F0
:1000F000007801280AD026D303280DD009D305287B
:1001000010D00CD3072817D00FD31CE000F018FA3A
:1001100019E000F047FA16E000F076FA13E000F07C
:10012000A5FA10E000F0D4FA0DE0DFF8D82800219D
:10013000002003F0D9F806E0DFF8CC2800210020E9
:1001400003F0D2F8FFE7FAE1DFF8B40800780128FD
:1001500009D0C0F0A28003284BD02ED3052800F090
:10016000958071D399E0DFF8880A007801280CD0D7
:1001700022D303280FD00BD3052812D00ED3072883
:1001800015D011D3082815D016E000F0D3FA13E0EB
:1001900000F01AFB10E000F05DFB0DE000F0A0FBAA
:1001A0000AE000F0E7FB07E000F030FC04E000F0BC
:1001B00073FC01E000F0B4FC6FE0DFF8340A007873
:1001C000012807D014D303280AD006D305280DD060
:1001D00009D30DE000F0E7FD0AE000F05DFE07E066
:1001E00000F0C7FE04E000F033FF01E000F0ACFFD8
:1001F00053E0DFF8FC09007801280CD023D3032852
:100200000FD00BD3052812D00ED3072815D011D349
:10021000082815D017E001F029FA14E001F076FA69
:1002200011E001F0C1FA0EE001F010FB0BE001F06B
:1002300057FB08E001F09CFB05E001F0DFFB02E06A
:1002400001F022FCFFE728E0DFF8A409007801288C
:1002500009D01AD303280CD008D305280FD00BD30C
:1002600006280FD011E002F06DFA0EE002F0AAFAB3
:100270000BE002F0DFFA08E002F00EFB05E002F00E
:1002800043FB02E002F074FBFFE706E0DFF86009E1
:100290000078012801D102F027FC50E1DFF8600767
:1002A000007801280AD0C0F04A81032800F0C480F9
:1002B000C0F09780042800F0F88040E1DFF83009B2
:1002C000007801280DD0C0F08B80032829D018D3E6
:1002D000052846D035D3072863D052D3082870D0DC
:1002E0007EE00878012802D0022803D008E000F060
:1002F0005BFC05E0DFF8FC280021002002F0F4FFA1
:100300006EE00878012802D0022803D008E000F04F
:1003100057FC05E0DFF8E0280021002002F0E4FFB0
:100320005EE00878012802D0022803D008E000F03F
:1003300053FC05E0DFF8C4280021002002F0D4FFC0
:100340004EE00878012802D0022803D008E000F02F
:1003500057FC05E0DFF844290021002002F0C4FF2B
:100360003EE00878012802D0022803D008E000F01F
:100370009FFC05E0DFF828290021002002F0B4FFEF
:100380002EE00878012802D0022803D008E000F00F
:10039000DDFC05E0DFF80C290021002002F0A4FFBD
:1003A0001EE00878012802D0022803D008E000F0FF
:1003B000E2FC05E0DFF8F0280021002002F094FFC5
:1003C0000EE00878012802D0022803D008E000F0EF
:1003D000DEFC05E0DFF8D4280021002002F084FFD5
:1003E000ADE0DFF80C080078012807D023D30328FC
:1003F00010D009D3052819D012D31CE008780128A1
:1004000001D100F00EFF16E00878012801D100F0BC
:1004100075FF10E00878012801D100F0DCFF0AE048
:100420000878012801D101F043F804E00878012898
:1004300001D101F0A9F882E0DFF8B40700780128C3
:100440000CD031D3032812D00ED3052818D014D3E2
:1004500007281ED01AD3082821D025E008780128C3
:1004600001D101F0E1FC1FE001F071FC1CE0087813
:10047000012801D101F026FC16E001F0AFFB13E0EA
:100480000878012801D101F044FB0DE001F09AFD4C
:100490000AE00878012801D101F02EFD04E0087877
:1004A000012801D101F002FE49E0DFF8440700789D
:1004B000012809D043D303281AD00FD305282BD005
:1004C00020D3062832D03AE00878012802D002284A
:1004D00003D002E002F07EFAFFE730E0087801285E
:1004E00002D0022803D002E002F07CFAFFE726E007
:1004F0000878012802D0022803D002E002F09EFA18
:10050000FFE71CE00878012802D0022803D002E0AF
:1005100002F095FAFFE712E00878012802D00228DD
:1005200003D002E002F0B5FAFFE708E008780128FE
:1005300002D0022803D002E002F0ACFAFFE701BDCE
:1005400080B54FF47A70DFF840190A68096891FBAA
:10055000F0F100FB1120B0F5FA7F06DBDFF82C2963
:100560000021002002F0C0FE05E0DFF82429002170
:10057000002002F0B9FE92A21421002002F0B4FE85
:1005800090A22821002002F0AFFEDFF808293C21CC
:10059000002002F0A9FEDFF8B42A5021002002F06A
:1005A000A3FE01BD80B5DFF8E4280021002002F0A1
:1005B0009BFE4FF47A70DFF8D0180A68096891FB47
:1005C000F0F100FB1120B0F5FA7F05DB7CA21421CD
:1005D000002002F089FE05E0DFF8B4281421002095
:1005E00002F082FE77A22821002002F07DFEDFF8D3
:1005F000A4283C21002002F077FEDFF8502A502189
:10060000002002F071FE01BD80B5DFF880280021D6
:10061000002002F069FE6AA21421002002F064FEAC
:100620004FF47A70DFF860180A68096891FBF0F1FE
:1006300000FB1120B0F5FA7F05DB62A22821002023
:1006400002F052FE05E0DFF848282821002002F0E1
:100650004BFEDFF840283C21002002F045FEDFF889
:10066000EC295021002002F03FFE01BD80B5DFF8EB
:100670001C280021002002F037FE51A21421002086
:1006800002F032FE4FA22821002002F02DFE4FF48E
:100690007A70DFF8F4170A68096891FBF0F100FB43
:1006A0001120B0F5FA7F06DBDFF8E8273C210020B7
:1006B00002F01AFE05E0DFF8D8273C21002002F006
:1006C00013FEDFF888295021002002F00DFE01BD45
:1006D00080B5DFF8B8270021002002F005FE38A21F
:1006E0001421002002F000FE36A22821002002F092
:1006F000FBFDDFF8A0273C21002002F0F5FD4FF4C0
:100700007A70DFF884170A68096891FBF0F100FB42
:100710001120B0F5FA7F06DBDFF8302950210020E8
:1007200002F0E2FD05E0DFF868275021002002F02A
:10073000DBFD01BD80B54FF47A70DFF84C170A6815
:10074000096891FBF0F100FB1120B0F5FA7F06DBA0
:10075000DFF8D8290021002002F0C6FD05E0DFF80F
:1007600030270021002002F0BFFDDFF8C42914214A
:10077000002002F0B9FDDFF8BC292821002002F09A
:10078000B3FDDFF8B4293C21002002F0ADFDDFF815
:10079000AC295021002002F0A7FDDFF8A429642134
:1007A000002002F0A1FDDFF89C296E21002002F05C
:1007B0009BFDDFF8CC2D7821002002F095FD01BDD6
:1007C000504944004750530080B5DFF860290021AC
:1007D000002002F089FD4FF47A70DFF8AC160A6849
:1007E000096891FBF0F100FB1120B0F5FA7F06DB00
:1007F000DFF83C291421002002F076FD05E0DFF847
:1008000090261421002002F06FFDDFF8282928210E
:10081000002002F069FDDFF820293C21002002F0D1
:1008200063FDDFF818295021002002F05DFDDFF89C
:1008300010296421002002F057FDDFF808296E21FD
:10084000002002F051FDDFF8382D7821002002F061
:100850004BFD01BD80B5DFF8D4280021002002F057
:1008600043FDDFF8CC281421002002F03DFD4FF4B9
:100870007A70DFF814160A68096891FBF0F100FB42
:100880001120B0F5FA7F06DBDFF8A8282821002028
:1008900002F02AFD05E0DFF8F8252821002002F00B
:1008A00023FDDFF894283C21002002F01DFDDFF835
:1008B0008C285021002002F017FDDFF884286421E5
:1008C000002002F011FDDFF87C286E21002002F0EC
:1008D0000BFDDFF8AC2C7821002002F005FD01BDF6
:1008E00080B5DFF848280021002002F0FDFCDFF889
:1008F00040281421002002F0F7FCDFF838282821D6
:10090000002002F0F1FC4FF47A70DFF87C150A68E1
:10091000096891FBF0F100FB1120B0F5FA7F06DBCE
:10092000DFF814283C21002002F0DEFC05E0DFF8AF
:1009300060253C21002002F0D7FCDFF80028502180
:10094000002002F0D1FCDFF8F8276421002002F03B
:10095000CBFCDFF8F0276E21002002F0C5FCDFF8A9
:10096000202C7821002002F0BFFC01BD36AE032808
:10097000E5C3022880B5DFF8B4270021002002F08B
:10098000B3FCDFF8AC271421002002F0ADFCDFF847
:10099000A4272821002002F0A7FCDFF89C273C2197
:1009A000002002F0A1FC4FF47A70DFF8DC140A6832
:1009B000096891FBF0F100FB1120B0F5FA7F06DB2E
:1009C000DFF878275021002002F08EFC05E0DFF8E8
:1009D000C0245021002002F087FCDFF86427642146
:1009E000002002F081FCDFF85C276E21002002F07D
:1009F0007BFCDFF88C2B7821002002F075FC01BD18
:100A0000E4C30228604209106842091080B5DFF88B
:100A10001C270021002002F067FCDFF814271421B6
:100A2000002002F061FCDFF80C272821002002F0F2
:100A30005BFCDFF804273C21002002F055FCDFF8C6
:100A4000FC265021002002F04FFC4FF47A70DFF8B2
:100A500038140A68096891FBF0F100FB1120B0F529
:100A6000FA7F06DBDFF8D8266421002002F03CFC88
:100A700005E0DFF81C246421002002F035FCDFF8DB
:100A8000C4266E21002002F02FFCDFF8F42A782122
:100A9000002002F029FC01BD80B5DFF8902600217E
:100AA000002002F021FCDFF888261421002002F04B
:100AB0001BFCDFF880262821002002F015FCDFF85F
:100AC00078263C21002002F00FFCDFF87026502130
:100AD000002002F009FCDFF868266421002002F003
:100AE00003FC4FF47A70E8490A68096891FBF0F159
:100AF00000FB1120B0F5FA7F06DBDFF848266E21F7
:100B0000002002F0F1FB04E0E14A6E21002002F037
:100B1000EBFBDFF86C2A7821002002F0E5FB01BD39
:100B200080B5DFF808260021002002F0DDFBDFF8A9
:100B300000261421002002F0D7FBDFF8F825282139
:100B4000002002F0D1FBDFF8F0253C21002002F06C
:100B5000CBFBDFF8E8255021002002F0C5FBDFF8D1
:100B6000E0256421002002F0BFFBDFF8D8256E21CC
:100B7000002002F0B9FB4FF47A70C3490A68096893
:100B800091FBF0F100FB1120B0F5FA7F06DBDFF8F6
:100B9000F0297821002002F0A7FB04E0BC4A78216C
:100BA000002002F0A1FB01BD80B5DFF8D8290021AB
:100BB000002002F099FB0020DFF83C1B087001BD0B
:100BC00080B5DFF8902A0021002002F08DFB012083
:100BD000DFF8241B087001BD80B5DFF87C2A0021F6
:100BE000002002F081FB0220DFF80C1B087001BD21
:100BF00035AE0328F03F0910FC3F091008400910EA
:100C000080B5DFF8582A0021002002F06DFBDFF8E4
:100C1000502A0821002002F067FB02230322DFF89C
:100C2000440A90ED060AB7EEC00A0821282002F017
:100C30008DFC93A21021002002F056FB0223022219
:100C4000DFF8240A90ED000AB7EEC00A10210C204C
:100C500002F07CFC8BA21021322002F045FB022323
:100C60000222DFF8980A90ED000AB7EEC00A1021C0
:100C70003E2002F06BFCDFF8882A1821002002F0E9
:100C800033FB0223DFF87C0A02781821282002F0C7
:100C9000EFFB0320DFF8601A087001BD1440091053
:100CA000204009102C400910384009104440091018
:100CB00080B5DFF8542A0021002002F015FB042043
:100CC000DFF8341A0870DFF898290821002002F0B4
:100CD0000BFB02230322DFF88C0990ED060AB7EE26
:100CE000C00A0821282002F031FC65A21021002052
:100CF00002F0FAFA02230222DFF86C0990ED000AF2
:100D0000B7EEC00A10210C2002F020FC5DA21021D9
:100D1000322002F0E9FA02230222DFF8E00990ED26
:100D2000000AB7EEC00A10213E2002F00FFCDFF8E7
:100D3000D0291821002002F0D7FA0223DFF8C409D5
:100D400002781821282002F093FB01BD80B5DFF85E
:100D5000482A0021002002F0C7FA0323DFF83C0AEA
:100D6000B0F900200821002002F013FB0520DFF875
:100D70008819087001BD80B5DFF8242A0021002001
:100D800002F0B2FA0620DFF87019087001BD80B5D4
:100D9000DFF8102A0021002002F0A6FA0720DFF871
:100DA0005819087001BD10B54FF47A7036490A68B9
:100DB000096891FBF0F100FB1120B0F5FA7F12DB1E
:100DC000DFF8702A0021002002F08EFA02230122AF
:100DD000DFF8640A90ED000AB7EEC00A0021502047
:100DE00002F0B4FB05E0DFF8542A0021002002F0F5
:100DF0007BFADFF84C2A1421002002F075FA032355
:100E0000DFF8400A90ED000ABCEEC00A10EE102A8E
:100E10001421412002F02CFBDFF82C4A032301228D
:100E200094ED000AB7EEC00A2821412002F08EFBA3
:100E30000423012294ED010AB7EEC00A3C214120AF
:100E400002F084FB0323012294ED020AB7EEC00AEC
:100E50005021412002F07AFBDFF87C2A2821002073
:100E600002F042FADFF8742A3C21002002F03CFA3A
:100E7000DFF8642D5021002002F036FA10BD00008A
:100E8000583A0000593A00006CAD03285040091050
:100E9000D03E09105C40091010B502230122DFF892
:100EA000980990ED000AB7EEC00A0021502002F028
:100EB0004DFBDFF894490323012294ED000AB7EEBD
:100EC000C00A2821412002F041FB0423012294EDB5
:100ED000010AB7EEC00A3C21412002F037FB032390
:100EE000012294ED020AB7EEC00A5021412002F01F
:100EF0002DFBDFF840290021002002F0F5F94FF426
:100F00007A70DFF8681A0A68096891FBF0F100FB53
:100F10001120B0F5FA7F13DBDFF82429142100201B
:100F200002F0E2F90323DFF81C0990ED000ABCEEA1
:100F3000C00A10EE102A1421412002F099FA05E0AF
:100F4000DFF8F8281421002002F0CEF9DFF8882914
:100F50002821002002F0C8F9DFF880293C21002078
:100F600002F0C2F9DFF8702C5021002002F0BCF929
:100F700010BD10B502230122DFF8BC0890ED000A75
:100F8000B7EEC00A0021502002F0E0FA0323DFF898
:100F9000B40890ED000ABCEEC00A10EE102A14212D
:100FA000412002F065FADFF8A0480423012294ED05
:100FB000010AB7EEC00A3C21412002F0C7FA032320
:100FC000012294ED020AB7EEC00A5021412002F03E
:100FD000BDFADFF860280021002002F085F9DFF873
:100FE00060281421002002F07FF94FF47A70DFF8B6
:100FF0007C190A68096891FBF0F100FB1120B0F53B
:10100000FA7F10DB0323012294ED000AB7EEC00A39
:101010002821412002F09AFADFF8BC28282100207C
:1010200002F062F905E0DFF814282821002002F020
:101030005BF9DFF8A8283C21002002F055F9DFF821
:10104000982B5021002002F04FF910BD704209107A
:1010500010B502230122DFF8E00790ED000AB7EE99
:10106000C00A0021502002F071FA0323DFF8D407F0
:1010700090ED000ABCEEC00A10EE102A14214120A7
:1010800002F0F6F9DFF8C0470323012294ED000ACD
:10109000B7EEC00A2821412002F058FA03230122AA
:1010A00094ED020AB7EEC00A5021412002F04EFA38
:1010B000DFF880270021002002F016F9DFF88027F2
:1010C0001421002002F010F9DFF80C28282100205C
:1010D00002F00AF94FF47A70DFF890180A6809688C
:1010E00091FBF0F100FB1120B0F5FA7F10DB042337
:1010F000012294ED010AB7EEC00A3C21412002F022
:1011000025FADFF8D8273C21002002F0EDF805E0B1
:10111000DFF828273C21002002F0E6F8DFF8B82AA3
:101120005021002002F0E0F810BD000068400910D6
:10113000E03E0910F03E0910003F0910744009100C
:10114000103F09108040091010B502230122DFF87A
:10115000E80690ED000AB7EEC00A0021502002F028
:10116000F5F90323DFF8DC0690ED000ABCEEC00AB7
:1011700010EE102A1421412002F07AF9DFF8C84657
:101180000323012294ED000AB7EEC00A2821412072
:1011900002F0DCF90423012294ED010AB7EEC00A43
:1011A0003C21412002F0D2F9DFF8882600210020FE
:1011B00002F09AF8DFF888261421002002F094F853
:1011C000DFF814272821002002F08EF8DFF80C2722
:1011D0003C21002002F088F84FF47A70DFF88C1779
:1011E0000A68096891FBF0F100FB1120B0F5FA7F65
:1011F00010DB0323012294ED020AB7EEC00A50214E
:10120000412002F0A3F9DFF8D0295021002002F09C
:101210006BF805E0DFF824265021002002F064F886
:1012200010BD10B54FF47A70DFF840170A680968EE
:1012300091FBF0F100FB1120B0F5FA7F12DBDFF833
:10124000F4250021002002F04FF802230122DFF8EC
:10125000E80590ED000AB7EEC00A0021502002F028
:1012600075F905E0DFF8582A0021502002F03CF81B
:10127000DFF8CC251421002002F036F80323DFF834
:10128000C40590ED000ABCEEC00A10EE102A14212D
:10129000412002F0EDF8DFF8B0450323012294ED80
:1012A000000AB7EEC00A2821412002F04FF90423BA
:1012B000012294ED010AB7EEC00A3C21412002F060
:1012C00045F90323012294ED020AB7EEC00A50212A
:1012D000412002F03BF9DFF800262821002002F02F
:1012E00003F8DFF8F8253C21002001F0FDFFDFF8CE
:1012F000E8285021002001F0F7FF10BD10B50223AF
:101300000122DFF8340590ED000AB7EEC00A002193
:10131000502002F01BF9DFF830450323012294ED41
:10132000000AB7EEC00A2821412002F00FF9042379
:10133000012294ED010AB7EEC00A3C21412002F0DF
:1013400005F90323012294ED020AB7EEC00A5021E9
:10135000412002F0FBF8DFF8DC240021002001F03E
:10136000C3FF4FF47A70DFF804160A68096891FB2E
:10137000F0F100FB1120B0F5FA7F13DBDFF8C02499
:101380001421002001F0B0FF0323DFF8B80490ED32
:10139000000ABCEEC00A10EE102A1421412002F00F
:1013A00067F805E0DFF87C2A1421412001F09CFF5A
:1013B000DFF824252821002001F096FFDFF81C2506
:1013C0003C21002001F090FFDFF80C285021002084
:1013D00001F08AFF10BD10B502230122DFF8580486
:1013E00090ED000AB7EEC00A0021502002F0AEF8DE
:1013F0000323DFF8500490ED000ABCEEC00A10EEA3
:10140000102A1421412002F033F8DFF83C44042371
:10141000012294ED010AB7EEC00A3C21412002F0FE
:1014200095F80323012294ED020AB7EEC00A502179
:10143000412002F08BF8DFF8FC230021002001F0AE
:1014400053FFDFF8FC231421002001F04DFF4FF47F
:101450007A70DFF818150A68096891FBF0F100FB53
:101460001120B0F5FA7F10DB0323012294ED000A6E
:10147000B7EEC00A2821412002F068F8DFF85824AE
:101480002821002001F030FF05E0DFF8982928210D
:10149000412001F029FFDFF844243C21002001F025
:1014A00023FFDFF834275021002001F01DFF10BD7D
:1014B00010B502230122E04890ED000AB7EEC00A01
:1014C0000021502002F042F80323DE4890ED000A8C
:1014D000BCEEC00A10EE102A1421412001F0C8FF12
:1014E000D94C0323012294ED000AB7EEC00A28214B
:1014F000412002F02BF80323012294ED020AB7EEFB
:10150000C00A5021412002F021F8CA4A00210020DF
:1015100001F0EAFECA4A1421002001F0E5FEDFF8DE
:10152000B8232821002001F0DFFE4FF47A70DFF8A5
:101530003C140A68096891FBF0F100FB1120B0F53A
:10154000FA7F0FDB0423012294ED010AB7EEC00AF3
:101550003C21412001F0FAFFE04A3C21002001F04B
:10156000C3FE05E0DFF8BC283C21412001F0BCFEB1
:10157000DFF864265021002001F0B6FE10BD000007
:10158000203F09108C40091010B502230122AA48FF
:1015900090ED000AB7EEC00A0021502001F0D6FFFE
:1015A0000323A84890ED000ABCEEC00A10EE102AF2
:1015B0001421412001F05CFFA34C0323012294ED90
:1015C000000AB7EEC00A2821412001F0BFFF042322
:1015D000012294ED010AB7EEC00A3C21412001F03E
:1015E000B5FF944A0021002001F07EFE944A1421A8
:1015F000002001F079FEB84A2821002001F074FE95
:10160000B64A3C21002001F06FFE4FF47A70D749B2
:101610000A68096891FBF0F100FB1120B0F5FA7F30
:1016200010DB0323012294ED020AB7EEC00A502119
:10163000412001F08BFFDFF8A0255021002001F0B0
:1016400053FE05E0DFF8DC275021412001F04CFE7D
:1016500010BD000098400910A4400910B0400910C6
:1016600078420910A4C2022878AD032880B54FF44F
:101670007A70BE490A68096891FBF0F100FB1120FD
:10168000B0F5FA7F06DBDFF8F82A0021002001F030
:101690002BFE05E0DFF88C270021002001F024FE5E
:1016A000DFF8E02A0821002001F01EFEDFF8D82A2A
:1016B0001021002001F018FEDFF8D02A18210020A8
:1016C00001F012FEDFF8C82A2021002001F00CFEF4
:1016D000DFF8C02A2821002001F006FEDFF8B82A32
:1016E0003021002001F000FEDFF8942A382100208C
:1016F00001F0FAFD01BD000030AE03287CAD0328E7
:101700008042091031AE0328BC40091010B5DFF843
:10171000704A22000021002001F0E6FD4FF47A70AB
:1017200092490A68096891FBF0F100FB1120B0F5BD
:10173000FA7F06DBDFF84C2A0821002001F0D4FDF7
:1017400005E0DFF8E0260821002001F0CDFDDFF8FC
:10175000382A1021002001F0C7FDDFF8302A1821B7
:10176000002001F0C1FDDFF8282A2021002001F02F
:10177000BBFDDFF8202A2821002001F0B5FDDFF8AD
:10178000182A3021002001F0AFFD2200382100206E
:1017900001F0AAFD10BD0000C840091012AE0328D8
:1017A000D4400910E040091010B5DFF8D4492200F8
:1017B0000021002001F098FDDFF8C8290821002051
:1017C00001F092FD4FF47A7068490A68096891FB4C
:1017D000F0F100FB1120B0F5FA7F06DBDFF8A82955
:1017E0001021002001F080FD05E0DFF838261021EF
:1017F000002001F079FDDFF894291821002001F084
:1018000073FDDFF88C292021002001F06DFDDFF849
:1018100084292821002001F067FDDFF87C29302190
:10182000002001F061FD22003821002001F05CFD64
:1018300010BD0000EC400910E0AA0328203E09106A
:10184000F840091000AB032820AB032810B5DFF8DF
:10185000304922000021002001F046FDDFF8242954
:101860000821002001F040FDDFF81C291021002094
:1018700001F03AFD4FF47A703C490A68096891FB1F
:10188000F0F100FB1120B0F5FA7F06DBDFF8FC2851
:101890001821002001F028FD05E0DFF88825182137
:1018A000002001F021FDDFF8E8282021002001F0D0
:1018B0001BFDDFF8E0282821002001F015FDDFF8EE
:1018C000D8283021002001F00FFD2200382100200F
:1018D00001F00AFD10BD000004410910104109107B
:1018E00010B5DFF89C4822000021002001F0FCFC2C
:1018F000DFF890280821002001F0F6FCDFF88828A6
:101900001021002001F0F0FCDFF8802818210020D1
:1019100001F0EAFC4FF47A7014490A68096891FBF7
:10192000F0F100FB1120B0F5FA7F06DBDFF860284C
:101930002021002001F0D8FC05E0DFF8E02A20217A
:10194000002001F0D1FCDFF84C282821002001F014
:10195000CBFCDFF844283021002001F0C5FC220038
:101960003821002001F0C0FC10BD00006CAD032840
:1019700010B5DFF80C4822000021002001F0B4FC73
:10198000DFF800280821002001F0AEFCDFF8F8277E
:101990001021002001F0A8FCDFF8F027182100201A
:1019A00001F0A2FCDFF8E8272021002001F09CFCD8
:1019B0004FF47A70DFF8681A0A68096891FBF0F151
:1019C00000FB1120B0F5FA7F06DBDFF8C8272821DD
:1019D000002001F089FC05E0DFF8402A28210020E2
:1019E00001F082FCDFF8B0273021002001F07CFC00
:1019F00022003821002001F077FC10BD10B5DFF87F
:101A0000804722000021002001F06EFCDFF87427DF
:101A10000821002001F068FCDFF86C27102100206D
:101A200001F062FCDFF864271821002001F05CFC63
:101A3000DFF85C272021002001F056FCDFF8542756
:101A40002821002001F050FC4FF47A70DFF8D01903
:101A50000A68096891FBF0F100FB1120B0F5FA7FEC
:101A600006DBDFF834273021002001F03DFC05E0E3
:101A7000DFF8A8293021002001F036FC22003821AF
:101A8000002001F031FC10BD10B5DFF8F446220053
:101A90000021002001F028FCDFF8E82608210020C2
:101AA00001F022FCDFF8E0261021002001F01CFCF0
:101AB000DFF8D8261821002001F016FCDFF8D02628
:101AC0002021002001F010FCDFF8C826282100208A
:101AD00001F00AFCDFF8C0263021002001F004FCF0
:101AE0004FF47A70DFF838190A68096891FBF0F151
:101AF00000FB1120B0F5FA7F05DB22003821002021
:101B000001F0F2FB04E0C74A3821002001F0ECFBB1
:101B100010BD2DE9F0410024DFF8040C01781229F2
:101B200002DB0078B0F11204DFF8F82B002100206E
:101B300001F0DAFB02230222DFF8EC0B90ED000A41
:101B4000B7EEC00A0021182001F000FD0223022296
:101B5000DFF8D80B90ED000AB7EEC00A0021422052
:101B600001F0F4FC00252AE002233A00D2B2310051
:101B7000C9B289B2062001F07BFCDFF8808D022318
:101B800002223800C0B208EBC00090ED000AB7EEA8
:101B9000C00A3100C9B289B2182001F0D7FC022373
:101BA0000222FFB208EBC70090ED010AB7EEC00AAF
:101BB000F6B2310089B2422001F0C8FC6D1C280049
:101BC000C0B2122806DA6E1CF6002F193800C0B217
:101BD0006428C9DBBDE8F0811C4109102DE9F843F8
:101BE0000025DFF83C4B2078122802DB2078B0F18A
:101BF0001205DFF8302B0021002001F075FB0223D5
:101C00000222DFF8240B90ED000AB7EEC00A002193
:101C1000182001F09BFC02230222DFF8100B90ED4C
:101C2000000AB7EEC00A0021422001F08FFC002616
:101C30002BE002234246D2B23900C9B289B2062053
:101C400001F016FCDFF8E89B022302224046C0B2F6
:101C500009EBC00090ED000AB7EEC00A3900C9B226
:101C600089B2182001F072FC022302225FFA88F880
:101C700009EBC80090ED010AB7EEC00AFFB23900C7
:101C800089B2422001F062FC761C3000C0B21228FA
:101C900007DA771CFF0016EB05084046C0B264283F
:101CA000C7DB2078122801DA217800E01221C4A2D3
:101CB000C9B2C90089B2002001F016FBBDE8F1836A
:101CC000284109102DE9F0410024DFF8540A017879
:101CD000122902DB0078B0F1120400252AE0022369
:101CE0003A00D2B23100C9B289B2062001F0C0FB7D
:101CF000DFF8448D022302223800C0B208EBC00096
:101D000090ED000AB7EEC00A3100C9B289B21820BE
:101D100001F01CFC02230222FFB208EBC70090ED89
:101D2000010AB7EEC00AF6B2310089B2422001F0D2
:101D30000DFC6D1C2800C0B2122806DA6E1CF600DD
:101D40002F193800C0B26428C9DBBDE8F0812DE945
:101D5000F8430025DFF8C8492078122802DB2078F4
:101D6000B0F11205DFF8BC290021002001F0BCFA17
:101D7000DFF88C6B0623012296ED080B002118205A
:101D800001F0E4FB0623012296ED060B002148201A
:101D900001F0DCFB002629E002234246D2B23900E2
:101DA000C9B289B2062001F063FBDFF8589B062315
:101DB00001224046C0B20001484490ED020B3900B8
:101DC000C9B289B2182001F0C1FB062301225FFAD3
:101DD00088F85FEA081809EB080090ED000BFFB2E5
:101DE000390089B2482001F0B1FB761C3000C0B246
:101DF000122807DA771CFF0016EB05084046C0B230
:101E00006428C9DB2078122801DA217800E0122149
:101E10006BA2C9B2C90089B2002001F065FABDE821
:101E2000F18300003441091010B5DFF8D44A0423CF
:101E300022880021002001F01BFB0223A278002150
:101E4000282001F015FB0223E2780021502001F048
:101E50000FFBDFF8182B0821002001F045FA0523BD
:101E6000227A0821282001F003FB8FA210210020F4
:101E700001F03AFA0623042294ED060B10212820E3
:101E800001F064FBBBA21821002001F02DFA06230B
:101E9000042294ED080B1821282001F057FBB6A26C
:101EA0002021002001F020FA0623042294ED0B0AE1
:101EB000B7EEC00A2021282001F048FBDFF8202BD4
:101EC0002821002001F010FA0623042294ED0C0AC8
:101ED000B7EEC00A2821282001F038FBDFF82C2CAF
:101EE0003021002001F000FA052394F83C20302135
:101EF000282001F0BDFA10BD2DE9F0410024DFF8E3
:101F000020080178122902DB0078B0F11204DFF812
:101F100014280021002001F0E7F902230222DFF853
:101F2000080890ED000AB7EEC00A0021182001F061
:101F30000DFB02230222DFF8F40790ED000AB7EE52
:101F4000C00A0021422001F001FB00252AE0022303
:101F50003A00D2B23100C9B289B2062001F088FA43
:101F6000DFF8AC8B022302223800C0B208EBC000BD
:101F700090ED000AB7EEC00A3100C9B289B218204C
:101F800001F0E4FA02230222FFB208EBC70090ED51
:101F9000010AB7EEC00AF6B2310089B2422001F060
:101FA000D5FA6D1C2800C0B2122806DA6E1CF600A5
:101FB0002F193800C0B26428C9DBBDE8F0810000E9
:101FC0002A0000002DE9F8430025DFF85447207867
:101FD000122802DB2078B0F11205DFF84827002133
:101FE000002001F081F902230222DFF83C0790ED86
:101FF000000AB7EEC00A0021182001F0A7FA022358
:102000000222DFF8280790ED000AB7EEC00A00218F
:10201000422001F09BFA00262BE002234246D2B276
:102020003900C9B289B2062001F022FADFF8E49A39
:10203000022302224046C0B209EBC00090ED000A24
:10204000B7EEC00A3900C9B289B2182001F07EFA91
:10205000022302225FFA88F809EBC80090ED010A1A
:10206000B7EEC00AFFB2390089B2422001F06EFA21
:10207000761C3000C0B2122807DA771CFF0016EB7E
:1020800005084046C0B26428C7DB2078122801DA70
:10209000217800E0122139A2C9B2C90089B200201A
:1020A00001F022F9BDE8F183453A00002DE9F04145
:1020B0000024DFF86C060178122902DB0078B0F109
:1020C0001204DFF860260021002001F00DF9022340
:1020D0000222DFF8440A90ED000AB7EEC00A0021A0
:1020E000182001F033FA02230222DFF8300A90EDC3
:1020F000000AB7EEC00A0021422001F027FA0025AD
:102100002AE002233A00D2B23100C9B289B20620D5
:1021100001F0AEF9DFF8088A022302223800C0B2CB
:1021200008EBC00090ED000AB7EEC00A3100C9B25A
:1021300089B2182001F00AFA02230222FFB208EB4A
:10214000C70090ED010AB7EEC00AF6B2310089B2BD
:10215000422001F0FBF96D1C2800C0B2122806DAFB
:102160006E1CF6002F193800C0B26428C9DBBDE828
:10217000F08100004E3A0000563A00002A000000AC
:1021800040410910303F0910403F091088420910B2
:10219000503F091090420910603F09102DE9F843A3
:1021A0002DED068B82B00400002C04D00D00280019
:1021B00080B2022800DA2AE194ED008A94ED000A48
:1021C000D4ED018AD4ED010A012044E0010089B276
:1021D00004EBC10191ED001AB4EE481AF1EE10FAC9
:1021E00005D5010089B204EBC10191ED008A01001F
:1021F00089B204EBC10191ED001AB4EE410AF1EE8F
:1022000010FA05D5010089B204EBC10191ED000A75
:10221000010089B204EBC10191ED011AB4EE681A14
:10222000F1EE10FA05D5010089B204EBC101D1ED40
:10223000018A010089B204EBC10191ED011AF4EEAB
:10224000410AF1EE10FA05D5010089B204EBC10193
:10225000D1ED010A401C01002A0089B292B29142DC
:10226000B4D330EE480A70EEE80A9FED6B1AB4EE74
:10227000410AF1EE10FA01D5B0EE410AF4EE410A3E
:10228000F1EE10FA01D5F0EE410ADFF89808008867
:10229000103801EE100AB8EEC11ADFF88C683088E9
:1022A000103801EE900AF8EEE11A81EE009A81EE04
:1022B000A02AB4EE429AF1EE10FA01D4B0EE429A9E
:1022C00000EE491AB0EE000A81EE000AB2EE001AE2
:1022D00070EE019A40EEC91AB0EE000A81EE800A53
:1022E000F2EE000A30EE20AA00F042FD00200021AC
:1022F0005FF0000954E0484680B2290089B2491EC7
:10230000884249D14FF4FC62390089B2404680B21C
:1023100000F090FD40E04A4692B204EBC20292ED1A
:10232000000A30EE480AF0EE690A40EE090ABDEEF6
:10233000E00A10EE108A328800EE102AB8EE400A49
:102340004A4692B204EBC202D2ED010A70EEE80AEC
:10235000B0EE4A1A00EE891A30EE410ABDEEC00A0C
:1023600010EE107A4A4692B2002A0AD04FF4784210
:1023700000923B009BB2424692B289B280B200F01A
:1023800097FD484680B20028B5D11F22390089B296
:10239000404680B200F04EFD4046390019F1010977
:1023A0004A462B0092B29BB29A42B4D3DFF87C47E4
:1023B0002078002806D1DFF878270021002000F0DF
:1023C00093FF05E0DFF86C270021002000F08CFF70
:1023D0002078012815D1DFF860170878002806D189
:1023E000DFF858270021322000F07EFF0FE0087848
:1023F00001280CD1DFF848270021322000F074FFBB
:1024000005E0DFF840270021322000F06DFF02B028
:10241000BDEC068BBDE8F1836F12833A703F091063
:102420006CAD03282DE9F8432DED0A8B82B0040032
:102430000D00002C03D0280080B2022800DA69E1E8
:102440009FEDBB8B94ED000B20EE080B9FEDBB2B9B
:1024500080EE020B01F08CFEB0EE409B9FEDB6AA21
:10246000DFEDB50ADFEDB4AA9FEDB30A002055E019
:10247000B4EE4A1AF1EE10FA01D5B0EE41AAF4EE2C
:10248000410AF1EE10FA01D5F0EE410AF4EE6A1AB3
:10249000F1EE10FA01D5F0EE61AAB4EE610AF1EEA8
:1024A00010FA3AD5B0EE610A37E0010089B20901AD
:1024B000214491ED021B94ED022B31EE421B21EEE3
:1024C000081B9FED9E3B81EE031B010089B20901B1
:1024D000214491ED002B94ED003B32EE432B22EE94
:1024E000082B9FED964B82EE043B9FEDB42B21EE23
:1024F000021B21EE091BB7EEC11B23EE022BF7EEE8
:10250000C21B010089B20029B2D1F0EE410AB0EE3F
:1025100060AAB0EE610AF0EE40AA401C01002A0059
:1025200089B292B29142C0D370EECA0A30EE6A0A02
:102530009FEDA11AF4EE410AF1EE10FA01D5F0EE8A
:10254000410AB4EE410AF1EE10FA01D5B0EE410AAB
:10255000DFF8D0050088103801EE100AB8EEC11A75
:10256000DFF8C4653088103801EE900AF8EEE11A01
:1025700081EE20BA81EE802AB4EE42BAF1EE10FA72
:1025800001D4B0EE42BA00EECB1AF0EE000AC1EE72
:10259000200AB2EE001A70EE81BA40EE4B1AB0EE8D
:1025A000000A81EE800AF2EE000A30EE20CA00F046
:1025B000DFFB002000215FF0000974E0484680B294
:1025C000290089B2491E884269D14FF4FC62390062
:1025D00089B2404680B200F02DFC60E04A4692B2DB
:1025E0001201224492ED020B94ED021B30EE410BDE
:1025F00020EE080B9FED512B80EE020B4A4692B263
:102600001201224492ED001B94ED002B31EE421B8F
:1026100021EE081B9FED493B81EE032B9FED671BCD
:1026200020EE010B20EE090BB7EEC00B22EE011BD2
:10263000F7EEC10B30EE4A0AB0EE6B1A00EE0B1A41
:10264000BDEEC10A10EE108A328800EE102AB8EEF4
:10265000400A70EEEA0AB0EE4C1A00EE8B1A30EE29
:10266000410ABDEEC00A10EE107A4A4692B2002A24
:102670000AD04FF4784200923B009BB2424692B29D
:1026800089B280B200F014FC484680B2002895D18F
:102690001F22390089B2404680B200F0CBFB404691
:1026A000390019F101094A462B0092B29BB29A42B5
:1026B00094D3DFF878442078002806D1DFF870241E
:1026C0000021002000F010FE05E0DFF86824002162
:1026D000002000F009FE2078012815D1DFF85814F9
:1026E0000878002806D1DFF854240021322000F0B9
:1026F000FBFD0FE0087801280CD1DFF8442400210D
:10270000322000F0F1FD05E0DFF83824002132200E
:1027100000F0EAFD02B0BDEC0A8BBDE8F1830000D9
:1027200036AE03289842091078AD03287CAD032803
:1027300000000060FB2109400000000000000000D4
:102740000080664080B54FF47A70DFF8FC130A68A9
:10275000096891FBF0F100FB1120B0F5FA7F06DB70
:10276000DFF8E8230021002000F0BEFD05E0DFF8DF
:10277000E0230021002000F0B7FDDFF8D823082176
:10278000002000F0B1FDDFF8D0231021002000F080
:10279000ABFDDFF8C8231821002000F0A5FDDFF80D
:1027A000C0232021002000F09FFDDFF8B82328215E
:1027B000002000F099FD01BD6F12833A0000000077
:1027C000AE4D584180B5DFF884230021002000F091
:1027D0008BFD4FF47A70DFF870130A68096891FB7B
:1027E000F0F100FB1120B0F5FA7F06DBDFF864237F
:1027F0000821002000F078FD05E0DFF86C230821B7
:10280000002000F071FDD44A1021002000F06CFD82
:10281000D24A1821002000F067FDD14A2021002073
:1028200000F062FDCF4A2821002000F05DFD01BDCF
:10283000A88C032880B5C54A0021002000F054FD73
:10284000C44A0821002000F04FFD4FF47A70BE49C1
:102850000A68096891FBF0F100FB1120B0F5FA7FDE
:1028600005DBBD4A1021002000F03EFD04E0BE4A19
:102870001021002000F038FDB84A1821002000F097
:1028800033FDB74A2021002000F02EFDB54A282153
:10289000002000F029FD01BD80B5AC4A00210020D8
:1028A00000F022FDAB4A0821002000F01DFDAA4ADD
:1028B0001021002000F018FD4FF47A70A2490A6838
:1028C000096891FBF0F100FB1120B0F5FA7F05DB00
:1028D000A24A1821002000F007FD04E0A24A1821B6
:1028E000002000F001FD9E4A2021002000F0FCFCA9
:1028F0009C4A2821002000F0F7FC01BDC88F032866
:10290000D0A90328287C032880B5904A0021002004
:1029100000F0EAFC8F4A0821002000F0E5FC8E4A16
:102920001021002000F0E0FC8C4A1821002000F06B
:10293000DBFC4FF47A7084490A68096891FBF0F176
:1029400000FB1120B0F5FA7F05DB854A202100202D
:1029500000F0CAFC04E0844A2021002000F0C4FCFE
:10296000804A2821002000F0BFFC01BDA0420910D0
:1029700080B5764A0021002000F0B6FC754A082197
:10298000002000F0B1FC744A1021002000F0ACFCE3
:10299000724A1821002000F0A7FC714A2021002073
:1029A00000F0A2FC4FF47A7067490A68096891FB4D
:1029B000F0F100FB1120B0F5FA7F05DB694A282110
:1029C000002000F091FC04E0674A2821002000F07C
:1029D0008BFC01BD80B532216448FFF723FD01BDAA
:1029E000A842091038B5624C6248017889B22000CB
:1029F000FFF7D4FB604D02232A780821002000F065
:102A000037FD02230222287804EBC00090ED000A73
:102A1000B7EEC00A0821142000F098FD022302221C
:102A2000287804EBC00090ED010AB7EEC00A082137
:102A3000502000F08BFD31BD28990328704738B530
:102A4000334C4E48017889B22000FFF7A7FB4A4D6E
:102A500002232A780821002000F00AFD0223022226
:102A6000287804EBC00090ED000AB7EEC00A0821F8
:102A7000142000F06BFD02230222287804EBC00032
:102A800090ED010AB7EEC00A0821502000F05EFD6B
:102A900031BD704738B5224C3948017889B22000E1
:102AA000FFF77CFB344D02232A780821002000F038
:102AB000DFFC02230222287804EBC00090ED000A1C
:102AC000B7EEC00A0821142000F040FD02230222C4
:102AD000287804EBC00090ED010AB7EEC00A082187
:102AE000502000F033FD31BDF8B500200390802068
:102AF0000290A020019078200090BC23214A002160
:102B0000002000F0CFFD05B000BD0000B04209106C
:102B1000E89203280896032890AD032894AD032873
:102B2000489C0328D4C30228D6C3022838AE032801
:102B3000B8420910C042091039AE03284C410910AF
:102B400058410910284109106CAD0328644109104F
:102B500034410910803F0910903F0910943E09103C
:102B6000C8420910A03F0910A83E0910689F032819
:102B7000C88F032826AE032837AE032828AE0328C3
:102B800029AE0328081C032880B501000820DFF8BF
:102B9000FC2A1060C9B2012001F068FD0820DFF8AE
:102BA000FC1A086001BD2DE9F047060015001F0062
:102BB000DFF8DC8A3000B8F8002080B2904201D201
:102BC000012000E000200C00DFF8C89AAF2249463F
:102BD000C0B202F091FBDFF8C0AA2000BAF80010E2
:102BE00080B2884201D2012000E00020B022494694
:102BF000C0B202F081FB2800B8F8001080B2884211
:102C000001D2012000E00020B1224946C0B202F00A
:102C100073FB3800BAF8001080B2884201D201205C
:102C200000E00020B2224946C0B202F065FBDFF8A6
:102C3000700A00780028012803D9801E01282FD9A6
:102C40005CE02A20FFF7A0FF0021012001F00EFD2B
:102C5000B61C3100C9B2012001F008FD002101209D
:102C600001F004FDAD1C2900C9B2012001F0FEFCF9
:102C70002B20FFF789FF0021012001F0F7FC641CE5
:102C80002100C9B2012001F0F1FC0021012001F076
:102C9000EDFC7F1C3900C9B2012001F0E7FC2DE0FA
:102CA0002A20FFF771FF0021012001F0DFFC761CD4
:102CB0003100C9B2012001F0D9FC0021012001F04E
:102CC000D5FC6D1C2900C9B2012001F0CFFC2B20DE
:102CD000FFF75AFF0021012001F0C8FCA41C2100CD
:102CE000C9B2012001F0C2FC0021012001F0BEFCAC
:102CF000BF1C3900C9B2012001F0B8FC2C20FFF73D
:102D000043FFBDE8F08700B585B0684602F022FBBE
:102D10000120ADF80000DFF878090088ADF8020066
:102D2000DFF874090088ADF80400DFF8D40A0078F1
:102D3000002803D002280FD007D30DE006208DF81D
:102D4000060008208DF8070006E008208DF8060030
:102D500010208DF80700FFE70FF28D5003900FF25F
:102D600011000490684602F005FB05B000BD0000AC
:102D7000F8B5DFF81C492088400002F04FFB050041
:102D8000002000200820DFF87C1A0860DFF80869BE
:102D90003088431E9BB22088421E92B20021002040
:102DA000FFF701FF002007E0DFF85C1A0988020046
:102DB00092B225F81210401C0100228889B291427B
:102DC000F2D3002705E022882900012001F053FDFD
:102DD0007F1C3800318880B28842F4D30820DFF8A5
:102DE0002C1A0860280002F022FBF1BDDFF8B018B1
:102DF000087008780028012803D9801E012809D905
:102E000010E08020DFF888180880A020DFF88818FC
:102E1000088007E0A020DFF8781808808020DFF81D
:102E2000781808807047DFF8E8291080DFF8D809A3
:102E300001807047F8B504000D0016002000DFF88F
:102E40005018098880B2884201D2012000E0002099
:102E5000DFF8407840F273123900C0B202F04CFA49
:102E60002800DFF83418098880B2884201D2012096
:102E700000E000204FF4BA723900C0B202F03CFA10
:102E80000820DFF8801908602B009BB2220092B264
:102E9000290089B2200080B2FFF785FE310089B297
:102EA000012001F093FC0820DFF860190860F1BDF3
:102EB0002DE9F0472DED028B060015001F00DFF80D
:102EC000D0873000B8F8002080B2904201D20120B3
:102ED00000E000200C00DFF8BC9740F28B1249465E
:102EE000C0B202F009FADFF8B0A72000BAF800106B
:102EF00080B2884201D2012000E000204FF4C67267
:102F00004946C0B202F0F8F92800B8F8001080B2C3
:102F1000884201D2012000E0002040F28D12494693
:102F2000C0B202F0E9F93800BAF8001080B2884265
:102F300001D2012000E000204FF4C7724946C0B220
:102F400002F0DAF93000290080B289B2884202D258
:102F50005FF0010901E05FF0FF392000390080B225
:102F600089B2884202D25FF0010A01E05FF0FF3AC5
:102F70009FED5F0A9FED5E0ADDF828803000290092
:102F800080B289B2884238D0210089B2380080B23C
:102F9000091A00EE101AB8EEC00A310089B22800F2
:102FA00080B2091A00EE901AF8EEE00A80EE208A4C
:102FB000200080B200EE100AF8EE408A300080B2A5
:102FC00000EE100AB8EE400A40EE488A310089B29D
:102FD000280080B2091A00291ED4310089B22800C5
:102FE00080B2091A1DE0424692B2210089B2300037
:102FF00080B2FFF71FFF1AEB04042000390080B2F3
:1030000089B28842EFD1424692B2210089B23000A3
:1030100080B2FFF70FFF66E0290089B2300080B26E
:10302000091A220092B2380080B2121A002A05D47E
:10303000220092B2380080B2121A04E03A0092B232
:10304000200080B2121A91423FDA17E0424692B253
:10305000210089B2300080B2FFF7ECFE1AEB0404C5
:10306000200080B200EE100AB8EE400A30EE680A86
:1030700080EE080ABDEEC00A10EE106A200039008A
:1030800080B289B28842E1D1424692B2210089B22F
:10309000300080B2FFF7CEFE25E0424692B221001A
:1030A00089B2300080B2FFF7C5FE19EB060630008A
:1030B00080B200EE100AB8EE400AF0EE680A40EE68
:1030C000080ABDEEE00A10EE104A3000290080B276
:1030D00089B28842E1D1424692B2210089B23000E1
:1030E00080B2FFF7A7FEBDEC028BBDE8F0870000C1
:1030F00000000000F8B5D8B005000E00140028004C
:10310000DFF88C15098880B2884201D2012000E0E6
:103110000020DFF8807540F2CB123900C0B202F017
:10312000EBF83000DFF87015098880B2884201D2D0
:10313000012000E000204FF4E6723900C0B202F036
:10314000DBF8002000200820DFF8B8160860DFF860
:10315000B0060078002804D0022800F0BF8046D3D3
:10316000BCE0F31D9BB26A1D92B2310089B2280007
:1031700080B2FFF718FD002000E0401C0100C9B23A
:1031800006292EDA0621DFF88C262300DBB24B431A
:103190001A440300DBB21A4412F8C02C00230BE0DF
:1031A00040AD1E00F6B24E4356FA80F6DFF8587670
:1031B0003F8825F8167010E01D00EDB2082DDCDA0E
:1031C000D507EDD540AD1E00F6B24E4356FA80F657
:1031D000DFF83C763F8825F81670D2B252085B1CA7
:1031E000EAE7302240A9012001F045FB76E016F124
:1031F0000F039BB2EA1D92B2310089B2280080B25F
:10320000FFF7D1FC002000E0401C0100C9B20829F2
:103210005EDADFF804262100C9B209011144030077
:10322000DBB21944B1F5007109782300DBB21B0150
:103230001A440300DBB21A44B2F5FC721278002380
:103240001BE06D461E00F6B2F60056FA80F6DFF877
:10325000B8753F8825F816700CE0CD07F1D56D469E
:103260001E00F6B2F60056FA80F6DFF8A4753F8825
:1032700025F81670C9B249085B1C1D00EDB2082D77
:10328000EBDB00210DE06B460D00EDB2ED0055FAD1
:1032900080F503EB4503DFF870552D88A3F88050C7
:1032A00012E00B00DBB2082BAEDAD307EBD56B468E
:1032B0000D00EDB2ED0055FA80F503EB4503DFF8A4
:1032C00050552D88A3F88050D2B25208491CE8E727
:1032D00080226946012001F0CEFAFFE70820DFF8DE
:1032E0002C15086059B0F0BDF8B504000E001500AB
:1032F0002000DFF89C13098880B2884201D20120A7
:1033000000E00020DFF88C7340F222223900C0B2C6
:1033100001F0F2FF3000DFF88013098880B28842A4
:1033200001D2012000E0002040F223223900C0B287
:1033300001F0E2FF00270EE00CE0380080B22A5CCA
:10334000310089B2380080B2C00010FA84F080B237
:10335000FFF7D0FE7F1C380080B2285C002817D011
:10336000DFF8B8040078002803D00228E4D0E4D3C2
:10337000F0E7380080B22A5C310089B23B009BB292
:103380000620434313FA84F080B2FFF7B3FEE1E76F
:10339000F1BD2DE9FE43070016001D003800BC4AB0
:1033A000128880B2904201D2012000E000200C007F
:1033B000DFF8E0824FF410724146C0B201F09CFF8A
:1033C0002000DFF8B817098880B2884201D20120B6
:1033D00000E0002040F241224146C0B201F08CFFE3
:1033E0002800C0B2002801D0012000E0002040F2F7
:1033F00042224146C0B201F07FFF2800C0B20B2834
:1034000001DA012000E0002040F243224146C0B230
:1034100001F072FF5FF001080C210022E9464846E6
:1034200002F046F82900C9B2491C2022E946484664
:1034300002F03EF82800C0B20A280CDA03E00A20A5
:1034400000FB08F86D1E2800C0B20028F7D196FBDB
:10345000F8F008FB10663100684602F08CF86A4606
:10346000210089B2380080B2FFF73EFFBDE8F78344
:103470002DE9FE43070016001D003800844A12881B
:1034800080B2904201D2012000E000200C00DFF861
:10349000048240F267224146C0B201F02DFF2000B5
:1034A000DFF8D816098880B2884201D2012000E0F6
:1034B00000204FF41A724146C0B201F01DFF2800EF
:1034C000C0B2002801D0012000E0002040F26922B3
:1034D0004146C0B201F010FF2800C0B20B2801DA4B
:1034E000012000E0002040F26A224146C0B201F013
:1034F00003FF5FF001080C210022E946484601F075
:10350000D7FF2900C9B22022E946484601F0D0FF82
:103510002800C0B20A280CDA03E00A2000FB08F8F1
:103520006D1E2800C0B20028F7D1B6FBF8F008FBEA
:1035300010663100684602F061F86A46210089B2DF
:10354000380080B2FFF7D0FEBDE8F7832DE9F041E7
:103550002DED028B86B00500B0EE408B16001F00EB
:1035600028004B4A128880B2904201D2012000E02C
:1035700000200C00DFF81C8140F291224146C0B2CD
:1035800001F0BAFE2000DFF8F415098880B2884205
:1035900001D2012000E0002040F292224146C0B258
:1035A00001F0AAFE3000C0B2002801D0012000E0E6
:1035B000002040F293224146C0B201F09DFE30004F
:1035C000C0B2092801DA012000E000204FF4257282
:1035D0004146C0B201F090FE3800C0B2002801D0D0
:1035E000012000E0002040F295224146C0B201F0E7
:1035F00083FE3800C0B2072801DA012000E0002075
:1036000040F296224146C0B201F076FEB7EE000BC2
:1036100011210022E846404601F04AFF3800C0B2BE
:1036200050FA86F1891C2022E846404601F040FF0E
:1036300004E0B2EE042B20EE020B761E3000C0B286
:103640000028F6D1BDEEC81B11EE100ABDEEC01B5E
:1036500011EE101A90FBF1F001EE100AB8EEC11B4A
:1036600001EE408B3900C9B2B0EE480B684602F05B
:1036700059F86A46210089B2280080B2FFF734FE6B
:1036800006B0BDEC028BBDE8F0810000040B3140B8
:10369000D4C302288C390910D6C30228080B314044
:1036A00049AE03282DE9F84F804614009A46DFF80A
:1036B000D0944046B9F8002080B2904201D2012057
:1036C00000E000200F00DFF8BCB440F2F3225946BE
:1036D000C0B201F011FE3800DFF8A014098880B2F2
:1036E000884201D2012000E000204FF43D7259468B
:1036F000C0B201F001FE002C01D0012000E000204A
:103700000C9D0B9E40F2F5225946C0B201F0F4FD2B
:103710000020002000200020B9F80000400001F047
:103720007DFE8146082037490860E819431E9BB298
:1037300016EB0800421E92B2390089B2404680B2B0
:10374000FFF731FA5FF0000B0A9FDDF8348007E0E5
:10375000320092B24946012001F08DF81BF1010BB5
:10376000280080B2834541D2380080B200FB0BF0C4
:10377000290089B2B0FBF1F1504680B241432144A7
:1037800000220EE04FF6FF7029F8120008E04346D1
:10379000DBB280B29BB29842F4D2002029F812002A
:1037A000521C300080B28242D2D2504680B200FB1E
:1037B00002F033009BB2B0FBF3F0085C4346DBB28F
:1037C000002BE4D10300DBB2DB08DBB2DB02844672
:1037D0005FFA8CFC5FEA9C0C5FFA8CFC53EA4C139A
:1037E000C0F3C400034329F81230D9E70820DFF8FA
:1037F00098130860484601F01AFEBDE8F18F0000FA
:103800004AAE032804063140DAC3022808063140D4
:10381000D8C30228282D0910F82309104AAE03281E
:103820001FB5082002900420019001200090012380
:10383000D94A0021012001F058FA03230022012176
:10384000B32002F0FEF8032300220121B42002F08D
:10385000F8F8032301220121632002F0F2F8032388
:1038600001220121582002F0ECF8CC4C2078FFF71F
:10387000BDFAC7480188C7480088FFF7D4FA10206E
:10388000C74908600A2000F06CFA1020C54908609A
:10389000782000F066FA0820BC4908601120FFF784
:1038A00073F9782000F05DFAB120FFF76DF901217E
:1038B000012000F0DBFE2C21012000F0D7FE2D219D
:1038C000012000F0D3FEB220FFF75EF901210120B4
:1038D00000F0CCFE2C21012000F0C8FE2D2101209B
:1038E00000F0C4FEB320FFF74FF90121012000F0E2
:1038F000BDFE2C21012000F0B9FE2D21012000F099
:10390000B5FE0121012000F0B1FE2C21012000F0C4
:10391000ADFE2D21012000F0A9FEB420FFF734F9FF
:103920000721012000F0A2FEC020FFF72DF9A221FF
:10393000012000F09BFE0221012000F097FE84216F
:10394000012000F093FEC120FFF71EF9C5210120E0
:1039500000F08CFEC220FFF717F90A21012000F0C9
:1039600085FE0021012000F081FEC320FFF70CF945
:103970008A21012000F07AFE2A21012000F076FE43
:10398000C420FFF701F98A21012000F06FFEEE212B
:10399000012000F06BFEC520FFF7F6F80E21012094
:1039A00000F064FE3620FFF7EFF82078002805D0FD
:1039B00002280DD007D303280FD012E0C021012028
:1039C00000F054FE0DE00021012000F04FFE08E061
:1039D000A021012000F04AFE03E06021012000F058
:1039E00045FEE020FFF7D0F80F21012000F03EFE59
:1039F0001A21012000F03AFE0F21012000F036FECE
:103A00001821012000F032FE2F21012000F02EFEAF
:103A10002821012000F02AFE2021012000F026FEAE
:103A20002221012000F022FE1F21012000F01EFEB5
:103A30001B21012000F01AFE2321012000F016FEB8
:103A40003721012000F012FE0021012000F00EFEBF
:103A50000721012000F00AFE0221012000F006FEED
:103A60001021012000F002FEE120FFF78DF80F2168
:103A7000012000F0FBFD1B21012000F0F7FD0F21CC
:103A8000012000F0F3FD1721012000F0EFFD3321AC
:103A9000012000F0EBFD2C21012000F0E7FD2921A1
:103AA000012000F0E3FD2E21012000F0DFFD302198
:103AB000012000F0DBFD3021012000F0D7FD39218D
:103AC000012000F0D3FD3F21012000F0CFFD0021B7
:103AD000012000F0CBFD0721012000F0C7FD0321EC
:103AE000012000F0C3FD1021012000F0BFFD2A20BD
:103AF000FFF74AF80021012000F0B8FD0221012063
:103B000000F0B4FD0021012000F0B0FD8221012071
:103B100000F0ACFD2B20FFF737F80021012000F06A
:103B2000A5FD0321012000F0A1FD0021012000F0EE
:103B30009DFD8321012000F099FDF020FFF724F87E
:103B40000121012000F092FDF620FFF71DF8002171
:103B5000012000F08BFD3A20FFF716F80521012027
:103B600000F084FD2920FFF70FF8082006490860BF
:103B7000FFF7FEF8FFF7C7F81FBD0000D6C3022805
:103B8000D4C302288C39091008063140040631409C
:103B9000DAC30228D8C3022880C3C90149AE03286A
:103BA000040B3140080B3140022801D301200FE003
:103BB0000B00DBB2042B01DB012009E0AA4B03EB75
:103BC0008000C9B2405C824201D3012000E00020A5
:103BD0007047F8B506000F0015001C00022E01D337
:103BE00001201CE02A003900C9B23000FFF7DCFFD9
:103BF000012801D1012012E03800C0B2002811D103
:103C0000B4F5807F0CD299487603304400EB8500F0
:103C100010F58050016864F30F2101600020F2BDAF
:103C20000120FCE7FFB2012F10D1B4F5803F0BD289
:103C30008E487603304400EB850010F5A0500168F3
:103C400064F317210160E9E70120E8E70120E6E7D6
:103C500000B20012C0B27047F8B505000E001700A0
:103C6000280000B2FFF7F4FF04002000C0B20228D1
:103C700001D3012023E03A003100C9B22000C0B2D4
:103C8000FFF792FF012801D1012018E077492000B9
:103C9000C0B2400308442A00D2B200EB8200D0F840
:103CA000000CF6B266F3092067F30700E4B2640380
:103CB0002144EDB201EB8501C1F8000C0020F2BDFA
:103CC00070B504000D001600022C01D301201CE089
:103CD00032002900C9B22000FFF766FF012801D198
:103CE000012012E061496003085850F0004050F094
:103CF000407050F47F00EDB265F3092066F30700D1
:103D00006203885064030859002070BDF8B50600AE
:103D1000F600574C574D00212078C001284401F08F
:103D2000A1FF12E02078C001284401F09DFFB842B5
:103D3000F8D32078C001284401F096FF361A0021FC
:103D40002078C001284401F08DFF4CF25137BE426B
:103D5000E8D22078C001284401F086FF8642F8D2DC
:103D6000F1BDF8B504004FF4FA504443404D414EC4
:103D700000212878C001304401F074FF14E0287855
:103D8000C001304401F070FFB842F8D33A4F3C19FB
:103D90002878C001304401F067FF3F1839002878C7
:103DA000C001304401F05EFF4CF25137BC42E6D214
:103DB0002878C001304401F057FF8442F8D2F1BDA9
:103DC00038B594B0502100226C46200001F070FB01
:103DD0002A4C00220121B4F90000FFF73DFFB4F99D
:103DE0000000FFF735FF092300220121C0B2FFF7D1
:103DF000F0FEB4F90000FFF72BFF00220121C0B252
:103E0000FFF75EFF5FF0FF30009000208DF80400A8
:103E100000208DF8050000208DF8060000208DF8A8
:103E2000080003208DF844000120129001208DF835
:103E300007000F4C0F4D69462078C001284401F05F
:103E400047FE2078C001284401F002FF00212078BD
:103E5000C001284401F006FF2078C001284401F089
:103E600013FF15B030BD0000584209100000044097
:103E7000E7C3022800005940B03CFFFFDCC3022822
:103E80009FED8F2B20EE021B53EC112B1946F0B443
:103E900021F0004457EC116B274647EC126B9FED65
:103EA0008A4BB4EE442BF1EE10FA2DED068B2BD598
:103EB000B6EE002B53EC122B01F00041194355ECE8
:103EC000124B0D4645EC124B32EE011BBDEEC11BF1
:103ED00011EE101A002900F09D80BAEEC21B9FED72
:103EE0007C3B01EE030B9FED7C5B01EE050B9FED30
:103EF0007C7B01EE070B9FED7C9B01EE090B9FED98
:103F00007C3B01EE030B85E055EC104B6B0043EA64
:103F1000D4735A15DB1712F1010F14D14FF0FF3093
:103F2000834208BF824208D12D0345EA1455240379
:103F3000002D08BF002C40F0BF80BDEC068B9FED2C
:103F40006E0BF0BC704724F0000235F0004308BF50
:103F5000002A08D1002800F0AF80BDEC068BB7EE38
:103F6000000BF0BC7047B6EE002B53EC122B01F0A7
:103F70000041194355EC124B0D4645EC124B32EE05
:103F8000011B53EC112B5D0045EAD2755400002D46
:103F900008BF002C19D040F23341A1EB555135290F
:103FA00004DB02F0000203F000430CE0202903DDF3
:103FB0002039CB408B4000E001D1002203E00029F2
:103FC000C4BFCA408A4043EC112B53EC112B22F0A2
:103FD000000433F0004508BF002C17D09FED483B8C
:103FE00021EE032B9FED3A5B02EE050B9FED3A7B32
:103FF00002EE070B9FED3A9B02EE090B9FED3AABE9
:1040000002EE0A0B9FED3A5B02EE050BBDEEC11B03
:1040100011EE101A53EC102B23F0004301F00301B2
:1040200043EC112B9FED383B0818B4EE431BF1EE27
:1040300010FA04D5C1073BD5B7EE000B38E0C10735
:1040400020EE001B1AD59FED322B9FED334B01EE76
:10405000024B9FED336B04EE016B9FED338B06EE4D
:10406000018B9FED332B08EE012B9FED334B02EEBE
:10407000014BB7EE000B04EE010B19E09FED307B16
:104080009FED314B01EE074B9FED318B04EE018B21
:104090009FED31AB08EE01AB9FED317B0AEE017B6A
:1040A0009FED314B20EE012B07EE014B02EE040B8E
:1040B000800748BFB1EE400BBDEC068BF0BC7047EB
:1040C00083C8C96D305FE43F0000A0FFFFFFDF4100
:1040D00000000050FB21B9C100000060B41011C005
:1040E0000000002026A651BE000000005C14D3BCD6
:1040F000000000209A833BBBFFFFFFFFFFFFFF7F15
:10410000000000000000303E000000000000403EC3
:1041100009260A1039BA213E3BA861C6F97D92BE34
:1041200063AC30909F01FA3EF6FB51166CC156BF4E
:10413000B10255555555A53FAEFFFFFFFFFFDFBF4D
:10414000B08F2FC310D8E53D8F0C73A1E1E55ABEA7
:104150004DADE44FE31DC73E3EE3B519A0012ABFB4
:10416000FAF010111111813F425555555555C5BFF3
:10417000012085E6002083E6D0F80803C005C00DC5
:10418000704710F541710A6852F480320A6010F5E8
:1041900041710A6832F480320A60D0F80403704733
:1041A000C0F840127047D0F80802C005C00D704733
:1041B000D0F80802C0F3C030704738B505002800B9
:1041C000FFF7F1FF04002800FFF7F2FF0419002CAD
:1041D00001D1012000E00020C0B232BD0068C0F370
:1041E0008130002801D1802000E040207047016824
:1041F00051F00041016070472030026861F39B621A
:104200000260704780B5FFF7B7FF02BD80B5FFF7CA
:10421000B8FF01BD022801D3012010E00B00DBB282
:10422000042B01DB01200AE0DFF8E03703EB80001C
:10423000C9B2405C824201D3012000E000207047F7
:10424000F8B504000F0015001E00022C01D3012058
:104250002AE02A003900C9B22000FFF7DBFF01285D
:1042600001D1012020E006983900C9B202291ED1EF
:10427000B6F5803F19D2202817D24FF4C052DFF88C
:10428000901763030B4403EB850313441F6866F325
:1042900017271F606403214401EB850111440A685C
:1042A00060F3C7020A600020F2BD0120FCE7FFB204
:1042B000032F1FD1B6F1807F1AD2202818D24FF4D5
:1042C000E052DFF84C1763030B4403EB8503134400
:1042D0001F6807F0FF0757EA06271F6064032144A1
:1042E00001EB850111440A6860F3C7020A60DAE74E
:1042F0000120D9E70120D7E700B20012C0B2704711
:10430000F8B505000E001700280000B2FFF7F4FF13
:1043100004002000C0B2022801D3012024E03A00AA
:104320003100C9B22000C0B2FFF774FF012801D1EB
:10433000012019E0DFF8D8162000C0B2400308447D
:104340002A00D2B200EB8200D0F8000CF6B266F37D
:10435000092067F30700E4B264032144EDB201EBE6
:104360008501C1F8000C0020F2BD70B504000D00FD
:104370001600022C01D301201DE032002900C9B231
:104380002000FFF747FF012801D1012013E0DFF8EB
:1043900080166003085850F0004050F0407050F410
:1043A0007F00EDB265F3092066F3070062038850D1
:1043B00064030859002070BD0100C020C9B2002963
:1043C00005D0022907D004D3032906D006E0122025
:1043D00004E0622002E07A2000E01A20C0B27047B8
:1043E0000100C020C9B2002905D0022907D004D39A
:1043F000032906D006E0112004E0612002E07920C4
:1044000000E01920C0B270470100C020C9B20029E5
:1044100005D0022907D004D3032906D006E01020D6
:1044200004E0602002E0782000E01820C0B270476D
:104430000100C020C9B200290BD002290DD00AD337
:1044400004290ED00BD306290FD00CD307290ED088
:104450000EE013200CE014200AE0632008E0642042
:1044600006E07B2004E0292002E01B2000E01C2065
:10447000C0B2704701000020C9B2002905D002294E
:1044800007D004D3032906D006E0132004E013204C
:1044900002E0132000E01320C0B2704701000020AA
:1044A000C9B2002905D0022907D004D3032906D0B8
:1044B00006E0132004E0132002E0132000E01320A4
:1044C000C0B2704701000020C9B2002905D00229FE
:1044D00007D004D3032906D006E0132004E01320FC
:1044E00002E0132000E01320C0B27047010000205A
:1044F000C9B200290BD002290DD00AD304290ED04D
:104500000BD306290FD00CD307290ED00EE01320B1
:104510000CE013200AE0132008E0132006E013202B
:1045200004E0132002E0132000E01320C0B2704723
:10453000C9B2082902D0102946D096E0DFF8C0168B
:104540000200D2B251F82220126832F44042030035
:10455000DBB251F823301A600200D2B251F82220A7
:10456000D2F80022520952010300DBB251F8233085
:10457000C3F800220200D2B251F82220D2F8002261
:1045800052F007020300DBB251F82330C3F80022D7
:104590000200D2B251F82220D2F80023520952016F
:1045A0000300DBB251F82330C3F800230200D2B27B
:1045B00051F82220D2F8002352F00702C0B251F87D
:1045C0002000C0F8002350E0DFF834160200D2B219
:1045D00051F82220126832F440420300DBB251F855
:1045E00023301A600200D2B251F82220126852F42D
:1045F00080420300DBB251F823301A600200D2B2CD
:1046000051F82220D2F80022520952010300DBB2F5
:1046100051F82330C3F800220200D2B251F8222010
:10462000D2F8002252F00F020300DBB251F823301F
:10463000C3F800220200D2B251F82220D2F800239F
:10464000520952010300DBB251F82330C3F80023B2
:104650000200D2B251F82220D2F8002352F00F0209
:10466000C0B251F82000C0F800237047F8B504002C
:104670000E0008212000C0B2FFF75AFFDFF8845572
:104680002000C0B2285C08280FD02000C0B2285CEF
:10469000C010DFF8741511EBC01101202200D2B256
:1046A000AA5C12F0070290400860DFF85475F6B279
:1046B00031002000C0B257F82000FFF771FD200044
:1046C000C0B257F82000FFF789FD06002000C0B2F5
:1046D00057F82000FFF767FD8642F0D02000C0B2F7
:1046E00057F82000FFF769FD0028F7D02000C0B27E
:1046F000285C08280ED02000C0B2285CC010DFF86B
:104700000C1511EBC0110120E4B22A5D12F0070272
:1047100090400860F1BD2DE9F84307000D0014003A
:1047200008213800C0B2FFF703FFDFF8D864380073
:10473000C0B2305C08280FD03800C0B2305CC01066
:10474000DFF8C41411EBC01101203A00D2B2B25C00
:1047500012F0070290400860DFF8A484297838003E
:10476000C0B258F82000FFF71BFD6D1C3800C0B226
:1047700058F82000FFF732FD81463800C0B258F8E3
:104780002000FFF710FD8145F0D0641E002CE3D11E
:104790003800C0B258F82000FFF70FFD0028F7D00E
:1047A0003800C0B2305C08280ED03800C0B2305C8F
:1047B000C010DFF8581411EBC0110120FFB2F25DF8
:1047C00012F0070290400860BDE8F183F8B50400DC
:1047D0000E0010212000C0B2FFF7AAFEDFF824541B
:1047E0002000C0B2285C08280FD02000C0B2285C8E
:1047F000C010DFF8141411EBC01101202200D2B256
:10480000AA5C12F0070290400860DFF8F473B6B2B9
:1048100031002000C0B257F82000FFF7C1FC200093
:10482000C0B257F82000FFF7D9FC06002000C0B244
:1048300057F82000FFF7B7FC8642F0D02000C0B246
:1048400057F82000FFF7B9FC0028F7D02000C0B2CD
:10485000285C08280ED02000C0B2285CC010DFF809
:10486000AC1311EBC0110120E4B22A5D12F0070273
:1048700090400860F1BD2DE9F84307000D001400D9
:1048800010213800C0B2FFF753FEDFF8786338001C
:10489000C0B2305C08280FD03800C0B2305CC01005
:1048A000DFF8641311EBC01101203A00D2B2B25C00
:1048B00012F0070290400860DFF84483298838002E
:1048C000C0B258F82000FFF76BFCAD1C3800C0B236
:1048D00058F82000FFF782FC81463800C0B258F833
:1048E0002000FFF760FC8145F0D0641E002CE3D16E
:1048F0003800C0B258F82000FFF75FFC0028F7D05E
:104900003800C0B2305C08280ED03800C0B2305C2D
:10491000C010DFF8F81211EBC0110120FFB2F25DF8
:1049200012F0070290400860BDE8F1832DE9F041E4
:1049300004000F00160008212000C0B2FFF7F8FDA8
:10494000DFF8C0522000C0B2285C08280FD0200039
:10495000C0B2285CC010DFF8B01211EBC01101200A
:104960002200D2B2AA5C12F0070290400860DFF881
:104970009082FFB239002000C0B258F82000FFF743
:104980000FFC2000C0B258F82000FFF727FC0700FA
:104990002000C0B258F82000FFF705FC8742F0D095
:1049A000F6B231002000C0B258F82000FFF7F8FB43
:1049B0002000C0B258F82000FFF710FC06002000CD
:1049C000C0B258F82000FFF7EEFB8642F0D020007E
:1049D000C0B258F82000FFF7F0FB0028F7D0200005
:1049E000C0B2285C08280ED02000C0B2285CC010DD
:1049F000DFF8181211EBC0110120E4B22A5D12F0A9
:104A0000070290400860BDE8F0810000584209109C
:104A100000000440F8B504000D000020082120002B
:104A2000C0B2FFF785FD774E2000C0B2305C082889
:104A30000ED02000C0B2305CC010734911EBC01121
:104A400001202200D2B2B25C12F00702904008604E
:104A50006B4F2000C0B257F82000FFF7D3FB0028AF
:104A600005D02000C0B257F82000FFF7CFFBEDB211
:104A700029002000C0B257F82000FFF791FB20006A
:104A8000C0B257F82000FFF7BDFB0028F7D0200088
:104A9000C0B257F82000FFF7B9FB00212000C0B2D8
:104AA00057F82000FFF77CFB2000C0B257F8200029
:104AB000FFF783FB0028F7D02000C0B257F8200092
:104AC000FFF7A0FB0028F7D02000C0B257F8200065
:104AD000D0F840032100C9B2715C08290DD0210033
:104AE000C9B2715CC910494A12EBC1120121E4B28A
:104AF000335D13F0070399401160C0B2F2BD2DE998
:104B0000F84380460D0016001C0008214046C0B244
:104B1000FFF70EFD3B4F4046C0B2385C08280ED070
:104B20004046C0B2385CC010374911EBC0110120BB
:104B30004246D2B2BA5C12F0070290400860DFF839
:104B4000C0904046C0B259F82000FFF75BFB002838
:104B500005D04046C0B259F82000FFF757FBEDB230
:104B600029004046C0B259F82000FFF719FB404623
:104B7000C0B259F82000FFF745FB0028F7D04046A7
:104B8000C0B259F82000FFF741FB00214046C0B2F7
:104B900059F82000FFF704FB4046C0B259F8200046
:104BA000FFF70BFB0028F7D04046C0B259F82000B1
:104BB000FFF728FB0028F7D04046C0B259F8200084
:104BC000D0F840033070761C641E002CDDD14046C6
:104BD000C0B2385C08280FD04046C0B2385CC01064
:104BE0000A4911EBC01101205FFA88F817F8082074
:104BF00012F0070290400860BDE8F1830000000059
:104C000084C30228E4AD0328040031400800314089
:104C10002DE9F84380460D0016001C00082140468F
:104C2000C0B2FFF785FCDFF874734046C0B2385C51
:104C300008280FD04046C0B2385CC010DFF86013BF
:104C400011EBC01101204246D2B2BA5C12F0070249
:104C500090400860DFF84C934046C0B259F82000FD
:104C6000FFF7D0FA002805D04046C0B259F820001E
:104C7000FFF7CCFA29784046C0B259F82000FFF778
:104C80008FFA6D1C4046C0B259F82000FFF795FA24
:104C90000028F7D04046C0B259F82000FFF7B2FA1A
:104CA0000028F7D04046C0B259F82000D0F84003A1
:104CB0003070761C641E002CDCD14046C0B2385CDB
:104CC000082810D04046C0B2385CC010DFF8D812B7
:104CD00011EBC01101205FFA88F817F8082012F0D4
:104CE000070290400860BDE8F1832DE9F84F2DEDF3
:104CF000028B9EB006000F009946042080B202FB92
:104D000000F2AA48B0FBF2F8A84802FB180000EE37
:104D1000100AB8EE400B01EE102AB8EE411B80EEEF
:104D2000010BBFEEED0B10EE100B08EE100A342154
:104D3000002201AC200000F0BBFB3C2100220EACA5
:104D4000200000F0B5FB30004946C0B2C9B288422D
:104D500001D1012000E000202A9DDFF854A24FF489
:104D600070725146C0B200F0C7FA48462900C0B27E
:104D7000C9B2884201D1012000E000202B9C40F202
:104D8000C1325146C0B200F0B7FA062002902800A6
:104D9000C0B2FFF783FB8DF80C002800C0B2FFF70C
:104DA0001FFB82465FF0080B2800C0B2FFF718FB1C
:104DB000804D01AA9AFBFBF10BFB11AA5146C0B230
:104DC000C010C001284400F0F0FF062002904846C1
:104DD000C0B2FFF74FFB8DF80C004846C0B2FFF79A
:104DE000EBFA82465FF0080B4846C0B2FFF7E4FAE0
:104DF00001AA9AFBFBF10BFB11AA5146C0B2C010ED
:104E0000C001284400F0D1FF2000C0B204281ED009
:104E1000082002902000C0B2FFF754FB8DF80C0070
:104E20002000C0B2FFF7F0FA81465FF0080A2000C8
:104E3000C0B2FFF7E9FA01AA99FBFAF10AFB11994E
:104E40004946C0B2C010C001284400F0AEFF2C9CFF
:104E50002000C0B208281ED0062002902000C0B258
:104E6000FFF744FB8DF80C002000C0B2FFF7E0FA1A
:104E700081465FF0080A2000C0B2FFF7D9FA01AA04
:104E800099FBFAF10AFB11994946C0B2C010C00162
:104E9000284400F08AFF3000C0B2032803D230005B
:104EA000C0B2401C00E000203200D2B2D21D03216B
:104EB00010F58F7000B2FFF723FA3000C0B203285C
:104EC00003D23000C0B2401C00E0002010F58F700B
:104ED00000B2FFF711FA8DED008AB8F101084346E0
:104EE0003200D2B2D21D0321C0B2FFF7A9F93000BF
:104EF000C0B2032803D23000C0B2401C00E0002042
:104F000010F58F7000B2FFF7F7F93200D2B2D21D60
:104F10000321C0B2FFF729FAFFB2002F05D0022FFC
:104F200009D005D3032F09D00AE00020109007E034
:104F30000120109004E00220109001E00320109066
:104F400001200E9000200F90042011900820129054
:104F50000820139001208DF8500001208DF8530097
:104F6000104D00220EA93000C0B255F8200000F00C
:104F70005BFF00213000C0B255F82000FFF73CF97C
:104F80003000C0B255F82000FFF731F90348F6B2FF
:104F900084551EB0BDEC028BBDE8F18FE4AD032853
:104FA0000400314084C302280800314000B4C40426
:104FB000B03B09100000314082B000200190002079
:104FC00000900020019009E00098401C009000989B
:104FD000B0F5005FF8D30198401C01900198B0F53E
:104FE000805F02D200200090F1E702B0704780B5E8
:104FF0000100002001F0E6FA01BD2DE9F043ADF516
:10500000137D0700884616001C000020ADF8020042
:105010000020ADF80000002002900020ADF8040050
:105020000020ADF80600404601F064FE0290DFF873
:10503000B0532888002801D028698047DFF8A403EE
:105040000078002800F033812888002800F01181C2
:10505000BDF90600411CADF806103A00010089B206
:105060000020EB6898474746404601F043FE029017
:105070006888A97990FBF1F0ADF804003800471C6E
:1050800000780028FAD10020ADF800000EE07F1E65
:1050900038782F2802D038785C2804D1BDF8000079
:1050A000401CADF800000298401E0290BDF80000C0
:1050B000022802DA02980028E9D50298002806D4CE
:1050C0007A1CDFF8241353A801F030FE0EE0BDF87F
:1050D0000000002805D13A00C44953A801F026FE7B
:1050E00004E03A00C04953A801F020FE0020ADF8CA
:1050F000020042E0BDF80010BDF80020BDF802300B
:1051000053AF9BB2BDF90400434313FA82F0385CFD
:1051100043AA89B25054BDF80000401CADF800000D
:10512000BDF8000080B2BDF9041088420EDA53A821
:1051300001F0E0FDBDF80020BDF802309BB2BDF9E2
:1051400004104B4313FA82F18842D3D2002043A9C2
:10515000BDF800208854BDF90600411CADF80610CA
:1051600043AAE97911FB00F189B20020EB68984766
:10517000BDF80200401CADF80200BDF8027053A853
:1051800001F0B8FDBDF90410B0FBF1F0401CBFB256
:10519000874203D20020ADF80000C1E732009449F5
:1051A00053A801F0C3FDBDF90600411CADF806107F
:1051B00053AAE97911FB00F189B20020EB68984706
:1051C000002C74D00020ADF8020041E0BDF80010C2
:1051D000BDF80020BDF802309BB2BDF90400434386
:1051E00013FA82F0205C43AA89B25054BDF8000043
:1051F000401CADF80000BDF8000080B2BDF90410FD
:1052000088420EDA200001F075FDBDF80020BDF8DF
:1052100002309BB2BDF904104B4313FA82F188426D
:10522000D4D2002043A9BDF800208854BDF906005F
:10523000411CADF8061043AAE97911FB00F189B2CF
:105240000020EB689847BDF80200401CADF8020052
:10525000BDF80260200001F04DFDBDF90410B0FB67
:10526000F1F0401CB6B2864221D20020ADF8000019
:10527000C1E74FF4807100220DF10C09484600F09F
:1052800017F93800A9688847002C07D0009433002C
:105290004246584903A801F049FD05E03300424663
:1052A000554903A801F042FD03A8A96888470DF5F8
:1052B000137DBDE8F08380B50A000100002001F0F5
:1052C00072F9002002BD02B5010000236A464B4876
:1052D00001F081FE009802BD10B542480078002818
:1052E00009D0474C2100002001F07AF90122210069
:1052F000424801F0A0FD10BD38B50C001500C0B249
:10530000002803D13F480078002800D131BD3E4934
:105310000878002800D0FEE70878401C087002F0EA
:1053200077F800232A0021003848FFF766FEFFF7D0
:1053300043FEF6E710B514001A00C0B2002808D1E9
:1053400028480078002804D00B0021003048FFF7DF
:1053500054FE10BD002101804FF6FF714180818015
:10536000FF218171C171002181600021C160002194
:10537000016170471A4902880A8042884A808288FF
:105380008A8082798A71C279CA7182688A60C268A9
:10539000CA6000690861012012490870704700B5B1
:1053A00085B06846FFF7D6FF1A4802906846FFF7B7
:1053B000E1FF05B000BD80B5FFF7F1FF002300223B
:1053C0005FF4E131002001F095FB4023124A0021F7
:1053D0000A4801F0B3FF0121002001F0C9F901BD25
:1053E000ACAC03283EAE03287C410910C03F091035
:1053F00088410910943D0910683E091008AC032843
:105400003FAE0328E6C3022840AE0328D03F091070
:1054100094410910EF4F081060AA032810B502F05C
:105420001FF8040008BF02F0B9F8204610BD02F0D2
:10543000B8B8F0B40246106895681318506803EBCA
:105440005004C00748BF4D44A3422DD013F8016B50
:1054500016F0030004BF13F8010BC01C31090F291B
:1054600007D113F8011B0F3103E013F8017B05F896
:10547000017B401EF9D10029E6D013F8010BC6F3D9
:105480008106032E08BF13F8016B00EB0620404293
:1054900028440026B71E8F421EBF10F8017B05F876
:1054A000017B761CF6D1CFE7F0BC02F10C0070470F
:1054B00062F30F2262F31F42401810F0030308D07A
:1054C000C91A1FD3DB0748BF00F8012D28BF20F8F9
:1054D000022D130030B414461546103928BF20E9B8
:1054E0003C00FAD8490728BF20E90C0048BF40F823
:1054F000042D890028BF20F8022D48BF00F8012D97
:1055000030BC7047C91818BF00F8012DCB0728BF61
:1055100000F8012D70470268531C0360117070473A
:1055200010B50400002C01D0012000E000207322FF
:10553000DFF81C14C0B2FFF7DFFE00220020002CB1
:1055400018D021782D2902D10122641C0AE021788B
:105550002B2907D1641C05E00A23217803FB0010E6
:105560003038641C217830390A29F5D3D2B2002AA8
:1055700000D0404210BD38B584B005000C00002DAD
:1055800001D0012000E000209F22DFF8C413C0B248
:10559000FFF7B2FE00200021002D2DD0002C04D5F5
:1055A0002D2129706D1C644206E0002C04D13020AE
:1055B000287021E049420AE0002C19D00A2194FB0E
:1055C000F1F201FB12410200501C0029F2D46B469B
:1055D000D2B299540A2194FBF1F4EDE76946020036
:1055E000D2B2114411F8011C303129706D1C401EDB
:1055F0000100C9B20029F1D105B030BD38B584B081
:1056000005000C00002D01D0012000E00020EB225D
:10561000DFF83C13C0B2FFF76FFE0020002D22D050
:10562000002C0FD1302028701DE00A21B4FBF1F2CC
:1056300001FB12416A460300DBB2D154401C0A212F
:10564000B4FBF1F4002CF0D10100C9B200290AD05A
:1056500069460200D2B2114411F9011C303129709F
:105660006D1C401EF0E705B030BD000010B5040011
:10567000002C01D0012000E000204FF4D272DFF8AE
:10568000D012C0B2FFF738FE00219FEDAD0B9FEDA9
:10569000AC1BB7EE002B002C43D020782D2802D174
:1056A0000121641C11E020782B280ED1641C0CE031
:1056B000B2EE044BB0EE403B2078303800EE100ADA
:1056C000B8EEC00B03EE040B641C207830380A28B7
:1056D000EED320782E281DD1601C0EE0B2EE043BE4
:1056E000B0EE414B0278303A01EE102AB8EEC11B01
:1056F00004EE031B22EE032B401C0278303A0A2AE8
:1057000006D29FED914BB4EE442BF1EE10FAE5D4A6
:1057100081EE021B30EE010BC9B2002901D0B1EEBF
:10572000400B10BDF8B52DED028B96B00400B0EE25
:10573000408B0D00002C01D0012000E000204FF430
:10574000F172DFF80C12C0B2FFF7D6FD0020002086
:105750002900002C71D0BDEEC80B10EE100A9FED91
:10576000781BB4EE418BF1EE10FA09D52D22227090
:10577000641C00EE100AB8EEC00B38EE400B13E0CC
:105780009FED6F1BB4EE418BF1EE10FAF1D130209A
:105790002070601C2E210170401C302101704CE0F3
:1057A000B2EE042B20EE020B0A00511ED2B2002AE8
:1057B000F6D1BDEEC00B10EE101A00220A2390FBAA
:1057C000F3F603FB160309AE1700FFB246F82730C5
:1057D000521C0A2390FBF3F00028EFD11000C0B256
:1057E00000281ED02000441C09AB1600F6B203EBC3
:1057F000860353F8043C002B07D409AB1600F6B21D
:1058000003EB860353F8043C07E009AB1600F6B23D
:1058100003EB860353F8043C5B4230330370521EA3
:10582000DCE72800C0B2002807D000202E2222701A
:10583000621C002914D13020107016B0BDEC028B10
:10584000F1BD0A2391FBF3F403FB14136C4606002D
:10585000F6B244F82630401C0A2391FBF3F16D1E8A
:105860002B00DBB2002BECD10100C9B20029E4D03F
:1058700011004A1C6B460400E4B203EB840353F8A6
:10588000043C002B07D46B460400E4B203EB840312
:1058900053F8043C07E06B460400E4B203EB8403D6
:1058A00053F8043C5B4230330B70401EDCE738B5E4
:1058B0000400002C01D0012000E0002040F237223B
:1058C000DFF88C10C0B2FFF717FD200001F012FACC
:1058D0000200002100200023002C0AD01800C0B2D2
:1058E00000281DD020786138062803D22078573848
:1058F0000DE022E020784138062802D2207837389F
:1059000005E0207830380A2809D2207830380D0098
:105910000100C9B211F00F0151EA051108E00CE0D5
:105920002078302804D16078782801D1641C0123C4
:10593000641C1000421E0028CED1080032BD0000B9
:1059400000000000000000000000000065CDCD4117
:105950009C3809100069C84010F00100704701220E
:1059600012FA01F181607047012212FA01F14160DF
:10597000704710B48900436C0F248C40A34312F08D
:105980000F0212FA01F11943416410BC704780B54F
:10599000C9B200290ED00100C9B2082291FBF2F36E
:1059A00002FB1311494AC0B2C010C0011044FFF7F6
:1059B000D6FF0DE00100C9B2082291FBF2F302FB11
:1059C0001311424AC0B2C010C0011044FFF7CCFF0F
:1059D00001BD80B50100C9B2082291FBF2F302FBC0
:1059E00013113A4AC0B2C010C0011044FFF7B2FF11
:1059F000C0B202BD10B5C9B200290BD1D2B2002A83
:105A000002D0022A02D003E00F220BE00B2209E0B1
:105A10000A2207E0D2B2042A01D10C2200E00E22B1
:105A200012F007020100C9B2082391FBF3F403FB53
:105A30001411264BC0B2C010C0011844FFF799FFE3
:105A400010BD2DE9F8418DB004000E0015001F00B7
:105A500034210022E8464046FFF72AFDF6B2002E28
:105A60000ED1FFB2002F02D0022F03D005E00F208D
:105A700001900DE0082001900AE00820019007E065
:105A8000FFB2042F02D10F20019001E00E200190FF
:105A90002000C0B2C0280FD02100C9B208206A4639
:105AA00091FBF0F300FB131108482300DBB2DB107D
:105AB000DB01184400F079F92900C9B22000C0B216
:105AC000FFF765FF0EB0BDE8F08100000000314037
:105AD00010B4012291F84C30052B03D291F84D30CF
:105AE000052B01D31000A7E0002800F0A4800029B6
:105AF00000F0A180514A12684B7963F392428B798E
:105B000013F0030363F311420B7A13F0070363F3FB
:105B10001A62CB7963F39E720B7D63F3000291F8F6
:105B2000243063F3410202600A7910F130031C68EB
:105B300062F307041C604A79012A0BD18A79002A92
:105B400002D10022826007E08A79012A04D10A6822
:105B5000826001E001228260CA6802610A694261D2
:105B6000CA6982610A6AC2610A680262344A1268BA
:105B70000B7E03F0FF03120A12021A4391F8303031
:105B800003F0FF0363F3174291F8403003F0FF0383
:105B900063F31F6291F8483003F0FF0363F30F22B1
:105BA0004264284A126891F8383003F0FF03120A61
:105BB00012021A4391F8283003F0FF0363F30F2217
:105BC0008264214A12688B7D13F0030392089200CD
:105BD0001A4391F8253013F0030363F38B2291F8F5
:105BE0002C3013F0030363F3051291F8343013F0F3
:105BF000030363F3092291F83C3013F0030363F3CA
:105C0000871291F8443013F0030363F38302C264F4
:105C10000E4A126891F84C3013F00703D208D200F4
:105C20001A4391F84D3013F0070363F306124265EF
:105C3000497D81670022100010BC70476C43091039
:105C40007043091074430910784309107C4309100C
:105C5000016851F0004101607047016821F0004186
:105C600001607047816070478068704778300168D4
:105C700051F001010160704710F170010A6852F0A3
:105C800001020A60006F70474030016851F0100156
:105C90000160704730B4614B1818C009604C14EBB8
:105CA000001404290DD223681F25C8008540AB438A
:105CB000D2B212F01F02C90012FA01F11943216099
:105CC0000CE0091F63681F25C8008540AB43D2B2B2
:105CD00012F01F02C9008A401A43626030BC70474C
:105CE000002A04D1012212FA01F1416003E00122ED
:105CF00012FA01F18160704710B48900436C0F24DF
:105D00008C40A34312F00F0212FA01F119434164CF
:105D100010BC704710B4836C01248C40A34312F074
:105D2000010212FA01F11943816410BC704710B4EA
:105D3000C36C01248C40A34312F0010212FA01F15A
:105D40001943C16410BC704710B449001031C36CD2
:105D500003248C40A34312F0030212FA01F1194309
:105D6000C16410BC70474269012212FA01F141611D
:105D70004069704710B4836901248C40A34312F03A
:105D8000010212FA01F11943816110BC704710B48D
:105D90004900036C03248C40A34312F0030212FA5F
:105DA00001F11943016410BC7047F8B505000E00FD
:105DB00014000027002D2ED0002C2CD0226831009A
:105DC0002800FFF78DFF227A31002800FFF762FFDD
:105DD000626931002800FFF79DFFA26931002800A9
:105DE000FFF7A5FFE26931002800FFF7ADFF626809
:105DF00031002800FFF780FFE26831002800FFF73C
:105E0000C6FF31002800FFF7AEFF226931002800ED
:105E1000FFF7B0FF00E0034F3800F2BD0000CFBF36
:105E20000000304001005A002DE9F041DFF8D03188
:105E30001C00DFF8D051D5F800C0DFF8CC512D6838
:105E4000DFF8C8613668DFF8C8713F685FF0000EA0
:105E50005FF0000E002800F0D080002900F0CD8017
:105E60004C68002C01D18C6805E04C68022C01D1F3
:105E7000002400E00224D1F810E0D1F81480C645D7
:105E800002D3D1F810E001E0D1F814E0BEF1090F1F
:105E900008D23CF4404C91F82130002B12D05CF435
:105EA000807C11E0BEF1110F03D2012363F38F3C1C
:105EB000F1E7BEF1210F03D2022363F38F3CEAE73F
:105EC00018009BE03CF4807CCB685B1E13F00F0352
:105ED0005FEA1C1C5FEA0C1C53EA0C0C012363F301
:105EE000196CC0F800C00B7F002B01D0002300E02C
:105EF000012363F300054B681B0963F34105CB7E67
:105F000063F304154B7E63F345150B68012B01D138
:105F1000012300E0002363F3DF7523005B0863F3D4
:105F2000820564F3C3054B7F63F308258B7F63F31E
:105F30004925CB7F63F38A2591F8203063F3CB2585
:105F40000B7913F0030363F3196505620B7E63F3AA
:105F500008278B7E63F349270B695B1E13F01F0331
:105F60007F097F011F43C0F8007391F8243003F0CC
:105F7000FF0310F5417425682D0A2D022B43236081
:105F80000B7E63F308264B695B1E13F01F03760933
:105F900076011E43C0F8006291F82C3003F0FF0335
:105FA00010F5017425682D0A2D022B4323600B6B1D
:105FB000C0F8883F8B6AC0F8C83F91F8383010F5B8
:105FC0007064256863F34925256091F8391010F550
:105FD00074631C6861F3CB241C600021C0F8C81EE8
:105FE000002A09D000201060002090610020D060BD
:105FF0000020D0610748106200242000BDE8F08135
:106000000140AA0024430910284309102C43091019
:1060100030430910EFCDAB00010009B2002909D4CB
:10602000012210F01F018A40DFF8BC1A00B24009BB
:1060300041F820207047022801D3012010E00B0016
:10604000DBB2042B01DB01200AE0DFF8A03A03EB0E
:106050008000C9B2405C824201D3012000E00020F0
:106060007047F8B504000F0015001E00022C01D384
:1060700001202AE02A003900C9B22000FFF7DBFF27
:10608000012801D1012020E006983900C9B2022977
:106090001ED1B6F5803F19D2202817D24FF4C05236
:1060A000DFF84C1A63030B4403EB850313441F68AA
:1060B00066F317271F606403214401EB8501114437
:1060C0000A6860F3C7020A600020F2BD0120FCE705
:1060D000FFB2032F1FD1B6F1807F1AD2202818D229
:1060E0004FF4E052DFF8081A63030B4403EB850317
:1060F00013441F6807F0FF0757EA06271F60640371
:10610000214401EB850111440A6860F3C7020A606B
:10611000DAE70120D9E70120D7E700B20012C0B2C8
:106120007047F8B505000E001700280000B2FFF711
:10613000F4FF04002000C0B2022801D3012024E0B3
:106140003A003100C9B22000C0B2FFF774FF012845
:1061500001D1012019E0DFF898192000C0B24003F6
:1061600008442A00D2B200EB8200D0F8000CF6B24C
:1061700066F3092067F30700E4B264032144EDB23B
:1061800001EB8501C1F8000C0020F2BD70B50400E0
:106190000D001600022C01D301201DE03200290061
:1061A000C9B22000FFF747FF012801D1012013E009
:1061B000DFF83C196003085850F0004050F0407080
:1061C00050F47F00EDB265F3092066F30700620327
:1061D000885064030859002070BDD0F84003704710
:1061E000D0F80803C005C00D704710F541710A686A
:1061F00052F480320A6010F541710A6832F480323C
:106200000A60D0F804037047C0F840127047D0F815
:106210000802C005C00D7047D0F80802C0F3C030B6
:10622000704738B505002800FFF7F1FF040028008B
:10623000FFF7F2FF0419002C01D1012000E000203B
:10624000C0B232BDC0F8C81F7047D0F8C80F704741
:10625000C0F8C01FD0F8C00F7047C0F8881F704743
:10626000D0F8880F7047C0F8801FD0F8800F7047B3
:10627000016851F00041016070472DE9F84F0400BA
:10628000012500200020DFF82C0A2100C9B250F8B7
:106290002160D6F80403000601D1042700E001279D
:1062A0003000FFF7D2FF3900C9B2084253D038009E
:1062B000C0B2012835D13000FFF792FF80465FF071
:1062C000000901E019F101094046C0B2814522DA16
:1062D000DFF8E4A92000C0B21AF80000411C220037
:1062E000D2B20AF80210DFF8D4192200D2B2120199
:1062F00001EB020BC0B200903000FFF76EFF009977
:106300000BF801002000C0B21AF800001028D9DBF9
:106310003000FFF76AFF0120DFF8A419E4B2085546
:1063200013E03000FFF759FFDFF890192200D2B2D6
:10633000120188540120DFF880192200D2B288545B
:106340000120DFF87C19E4B20855FFB239003000B3
:10635000FFF77EFF0AE03000FFF782FF800505D5DA
:106360004FF400713000FFF77EFF00252800C0B217
:10637000BDE8F28F38B504001500C9B200290ED06F
:10638000102919D0202924D030292FD031293AD0F2
:10639000402945D0502950D060295BD067E0DFF814
:1063A0002409A06001202073112060734FF48C70C9
:1063B000E0811220208260E0DFF80C09A06001205B
:1063C00020731120607340F21D10E0816B20208249
:1063D00053E0DFF8F808A0600120207311206073FB
:1063E0004FF48E70E0816A20208246E0DFF8E008FA
:1063F000A060022020731120607340F21B10E08126
:106400006920208239E0DFF8CC08A06001202073E9
:106410001120607340F21B10E081692020822CE083
:10642000DFF8B408A06001202073132060734FF4DC
:106430008D70E081682020821FE0DFF8A008A06056
:10644000012020731120607340F21F10E0816D2045
:10645000208212E0DFF88808A0600120207311205C
:1064600060734FF48F70E0816C20208205E0DE22A3
:10647000DFF870180020FEF73FFFEDB2002D0ED0C0
:10648000102D19D0202D24D0302D2FD0312D3AD0E1
:10649000402D45D0502D50D0602D5BD067E0DFF807
:1064A0002408206000202071112060714FF48C704E
:1064B000E0811220208261E0DFF80C0820600020DB
:1064C00020711120607140F21D10E0816B2020824C
:1064D00054E0DFF8F807206000202071112060717F
:1064E0004FF48E70E0816A20208247E0DFF8E007F9
:1064F0002060012020711120607140F21B10E081AA
:10650000692020823AE0DFF8CC072060002020716B
:106510001120607140F21B10E081692020822DE083
:10652000DFF8B407206000202071132060714FF461
:106530008D70E0816820208220E0DFF8A0072060D5
:10654000002020711120607140F21F10E0816D2049
:10655000208213E0DFF888072060002020711120DE
:1065600060714FF48F70E0816C20208206E04FF460
:106570009172DFF870170020FEF7BEFE31BD38B50E
:106580000400DFF83057C9B22000C0B255F820002F
:10659000FFF73AFE2000C0B255F82000FFF741FE99
:1065A0000028F7D031BD70B505000E00140006E0DC
:1065B00031782800C0B2FFF7E2FF641E761C002C81
:1065C000F6D170BD38B504000D0005E02978200033
:1065D000C0B2FFF7D4FF6D1C28780028F6D131BD7A
:1065E00030B40022DFF8D8360200D2B29A5C002A1A
:1065F0002CD0DFF8C8260400E4B22401145D0C702E
:10660000DFF8B4460100C9B2615C491E0500EDB275
:1066100061550100C9B2615C002912D0002103005C
:10662000DBB2E35C99420FDA0300DBB21B011344D7
:106630000500EDB22D0115440D446D785D54491CE3
:10664000EDE70021C0B21954012000E00020C0B2E3
:1066500030BC704770B505000C00DFF858662800A4
:10666000C0B256F82000FFF7FBFD400840000100D3
:106670002800C0B256F82000FFF7EFFD2800C0B296
:1066800056F82000FFF7ECFD30F002000100280072
:10669000C0B256F82000FFF7E0FD2800C0B256F85F
:1066A0002000FFF7DDFD30F0200001002800C0B21F
:1066B00056F82000FFF7D1FD2800C0B256F82000A0
:1066C000FFF7CEFD30F0400001002800C0B256F8C0
:1066D0002000FFF7C2FD2800C0B256F82000FFF7E7
:1066E000BFFD30F0100001002800C0B256F82000B5
:1066F000FFF7B3FD2800C0B256F82000FFF7B0FD49
:1067000030F4807001002800C0B256F82000FFF776
:10671000A4FD2800C0B256F82000FFF7A1FD30F418
:10672000806001002800C0B256F82000FFF795FDF8
:10673000002C0ED02800C0B256F82000FFF785FDCF
:1067400050F400700100EDB256F82500FFF785FD0A
:106750000DE02800C0B256F82000FFF776FD30F4B7
:1067600000700100EDB256F82500FFF776FD70BD10
:1067700070B505000C00DFF83C652800C0B256F883
:106780002000FFF762FD30F0080001002800C0B2D1
:1067900056F82000FFF756FD2800C0B256F820003A
:1067A000FFF753FD30F0200001002800C0B256F87A
:1067B0002000FFF747FD2800C0B256F82000FFF781
:1067C00044FD30F4807001002800C0B256F820006B
:1067D000FFF738FD2800C0B256F82000FFF735FD5E
:1067E00030F4007001002800C0B256F82000FFF716
:1067F00029FD2800C0B256F82000FFF726FD30F42E
:10680000006001002800C0B256F82000FFF71AFD12
:106810002800C0B256F82000D0F8040300061FD1AB
:10682000002C5BD12800C0B256F82000FFF70DFD08
:106830004008400001002800C0B256F82000FFF7D1
:1068400001FD2800C0B256F82000FFF7FEFC30F032
:1068500004000100EDB256F82500FFF7F3FC70BD0F
:10686000002C1DD02800C0B256F82000FFF7EDFC28
:1068700030F0040001002800C0B256F82000FFF7F5
:10688000E1FC2800C0B256F82000FFF7DEFC50F013
:1068900001000100EDB256F82500FFF7D3FCDEE75A
:1068A0002800C0B256F82000FFF7CFFC30F00400FB
:1068B00001002800C0B256F82000FFF7C3FC2800F2
:1068C000C0B256F82000FFF7C0FC400840000100AD
:1068D000EDB256F82500FFF7B5FCC0E72800C0B2BE
:1068E00056F82000FFF7B1FC4008400001002800E6
:1068F000C0B256F82000FFF7A5FC2800C0B256F839
:106900002000FFF7A2FC50F004000100EDB256F8A1
:106910002500FFF797FCA2E72DE9F0412DED028B52
:10692000A8B005000E00170028003900C9B20909F7
:10693000C0B2884201D1012000E000201C00DFF835
:10694000A4834FF411724146C0B2FEF7D5FC280073
:106950002100C9B20909C0B2884201D1012000E07A
:10696000002040F245224146C0B2FEF7C5FC02A815
:10697000142100F019FE342100220DF16808404670
:10698000FEF796FD4C2100220DF11C084046FEF753
:106990008FFD082080B206FB00F6D348B0FBF6F866
:1069A000D14806FB180000EE100AB8EE400B01EECD
:1069B000106AB8EE411B80EE010BBFEEED0B10EE3E
:1069C000100B08EE100A2200D2B23900C9B202A898
:1069D000FFF7D0FC08201B909DF80D008DF870008B
:1069E0001AAA9DF80C100298FFF7DFF906201B90F9
:1069F0009DF815008DF870001AAA9DF814100498DF
:106A0000FFF7D3F90020079008200890092009908B
:106A100002200B9002200C90002012900020149075
:106A2000A44C2800C0B254F8200000F003FFAF4986
:106A30002A00D2B2382042430A4407A92800C0B233
:106A400054F8200000F0B4FD2800C0B254F8200033
:106A5000FFF70EFC2A00D2B20321BDF91600FFF7A2
:106A600060FBBDF91600FFF758FB8DED008AB8F109
:106A7000010843462A00D2B20321C0B2FFF7F1FA5F
:106A8000BDF91600FFF749FB2A00D2B20321C0B2BC
:106A9000FFF77CFBBDF91800ADF800000320ADF84E
:106AA000020001208DF80400684600F00BFF9048BA
:106AB0002900C9B250F82110BDF9000000F041FFD3
:106AC000BDF90200FFF7A8FA00212800C0B2FFF7C5
:106AD0004FFE00212800C0B2FFF7BCFD28B0BDEC7E
:106AE000028BBDE8F081000000E100E0584209108F
:106AF000000004402DE9F0412DED028BA8B0050007
:106B00000E00170028003900C9B20909C0B2884236
:106B100001D1012000E000201C00DFF8C8814FF403
:106B200021724146C0B2FEF7E7FB28002100C9B23E
:106B30000909C0B2884201D1012000E0002040F2E2
:106B400085224146C0B2FEF7D7FB02A8142100F00F
:106B50002BFD342100220DF168084046FEF7A8FC09
:106B60004C2100220DF11C084046FEF7A1FC082034
:106B700080B206FB00F65C48B0FBF6F85A4806FB0C
:106B8000180000EE100AB8EE400B01EE106AB8EEE5
:106B9000411B80EE010BBFEEED0B10EE100B08EE6B
:106BA000100A2200D2B23900C9B202A8FFF7E2FBF4
:106BB00008201B909DF80D008DF870001AAA9DF812
:106BC0000C100298FFF7F1F806201B909DF81500B5
:106BD0008DF870001AAA9DF814100498FFF7E5F8D4
:106BE00000200790082008900820099002200B90B0
:106BF00000200C9000201290002014902D4C2800B2
:106C0000C0B254F8200000F015FE38492A00D2B274
:106C1000382042430A4407A92800C0B254F8200093
:106C200000F0C6FC2800C0B254F82000FFF720FB9B
:106C30002A00D2B20321BDF91600FFF772FABDF99E
:106C40001600FFF76AFA8DED008AB8F10108434695
:106C50002A00D2B20321C0B2FFF703FABDF9160031
:106C6000FFF75BFA2A00D2B20321C0B2FFF78EFA17
:106C7000BDF91800ADF800000320ADF802000120B6
:106C80008DF8040007221A482900C9B250F82110D3
:106C9000684600F0C9FB00212800C0B2FFF768FD7C
:106CA00000212800C0B2FFF7D5FC28B0BDEC028B54
:106CB000BDE8F081B0C3022844AD032814A903281D
:106CC0004CAD032800003140000231400005314046
:106CD00080083140800631400007314000013140DA
:106CE00080013140FC3B091000B4C40488A403288F
:106CF00094C3022800F10103810704D010F8011B9E
:106D0000820781B1FAD10268A2F10131914311F0F9
:106D1000803104BF50F8042FF6E709BAB1FA81F1C7
:106D200000EBD100401CC01A704700000CB430B515
:106D300083B00A4606A902910446002501940095F5
:106D400002AB01A9084878441E3000F014FE019AF5
:106D5000157000284EBF04460198041B204603B05E
:106D600030BC5DF80CFB00BFAFE7FFFF82688918FD
:106D7000816003E082684169521A826081684269D9
:106D80009142F7D27047C2688918C16003E0C268B7
:106D90004169521AC260C16842699142F7D2704794
:106DA00070B50400002C01D0012000E00020542226
:106DB000DFF8C415C0B2FEF79FFA0025207850F026
:106DC000010020700020A0600020E0606069206168
:106DD0006078002803D0022810D007D315E061693D
:106DE000002266683000FEF763FB0EE0616949002F
:106DF000002266683000FEF75BFB06E061698900EF
:106E0000002266683000FEF753FB00202070280047
:106E1000C0B270BD10B50400002C01D0012000E00C
:106E200000207022DFF85015C0B2FEF765FA6069E5
:106E30002169401A10BD2DE9F84305001600002D08
:106E400001D0012000E000200C00AA22DFF8281564
:106E5000C0B2FEF751FA00270020002C01D1032711
:106E6000B5E0287810F0050F01D00427AFE02878AE
:106E700050F0040028702869B042C0F0A380D5F813
:106E80001480A868B8EB0008B04567D2687800287D
:106E900003D0022841D01FD390E042462100686809
:106EA000AB6800EB0309484601F0BAFC41462800F4
:106EB000FFF75CFFB6EB080204EB08016868AB68FB
:106EC00000EB0304200001F0ABFCB6EB08084146E0
:106ED0002800FFF74BFF71E05FEA48022100686875
:106EE000AB6800EB4309484601F09AFC4146280094
:106EF000FFF73CFFB6EB0802520004EB480168685C
:106F0000AB6800EB4304200001F08AFCB6EB0808F4
:106F100041462800FFF72AFF50E05FEA880221007F
:106F20006868AB6800EB8309484601F079FC41468C
:106F30002800FFF71BFFB6EB0802920004EB880164
:106F40006868AB6800EB8304200001F069FCB6EBD5
:106F5000080841462800FFF709FF2FE0687800285D
:106F600003D002281DD00ED328E03200210068682B
:106F7000AB6800EB0304200001F052FC3100280054
:106F8000FFF7F4FE1AE0720021006868AB6800EBBE
:106F90004304200001F044FC31002800FFF7E6FE26
:106FA0000CE0B20021006868AB6800EB83042000AD
:106FB00001F036FC31002800FFF7D8FE2869861B57
:106FC0002E6100E00527287810F0FB0028703800BB
:106FD000C0B2BDE8F2832DE9F04705000E001F00A6
:106FE000002D01D0012000E000201400DFF888838C
:106FF00040F25B124146C0B2FEF77EF9002C01D090
:10700000012000E000204FF4AE724146C0B2FEF70E
:1070100073F95FF0000800200020002E02D15FF01D
:1070200003088BE0297811F0030F03D020605FF094
:1070300006089CE02800FFF7EDFE2168884209D28F
:1070400020605FF00708002804D1287810F0F700CE
:1070500028708CE0287850F008002870D5F814903B
:10706000E868B9EB00092068814522D368780028D8
:1070700003D0022813D008D35CE022686868E9686E
:107080000144300001F0CCFB54E0226852006868F3
:10709000E96800EB4101300001F0C2FB4AE02268E0
:1070A00092006868E96800EB8101300001F0B8FBEC
:1070B00040E06878002803D0022827D011D339E0B7
:1070C0004A466868E9680144B246504601F0A8FBA8
:1070D0002268B2EB090269684E44300001F0A0FB5F
:1070E00028E05FEA49026868E96800EB4101B246BE
:1070F000504601F095FB2268B2EB09025200696824
:1071000006EB4906300001F08BFB13E05FEA8902D1
:107110006868E96800EB8101B246504601F080FBE7
:107120002268B2EB09029200696806EB890630001A
:1071300001F076FB287810F0F7002870FFB2002FDE
:1071400015D128780B2802D15FF002080FE02878CB
:1071500050F00200287021682800FFF714FE29690A
:10716000206841182961287810F0FD0028704046F9
:10717000C0B2BDE8F0872DE9F04705000E001F0002
:10718000002D01D0012000E000201400DFF8E8818C
:107190004FF4DF724146C0B2FEF7AEF8002C01D0CA
:1071A000012000E0002040F2BF124146C0B2FEF7CD
:1071B000A3F85FF0000800200020002E02D15FF04D
:1071C0000308ABE0297811F0070F03D020605FF0CF
:1071D0000608AFE02800FFF71DFE2168884209D2AB
:1071E00020605FF00708002804D1287810F0F7002D
:1071F00028709FE0287850F008002870E868A96897
:10720000884203D3A8682168884228D36878002878
:1072100003D0022817D00AD37CE022686968AB68E3
:1072200020681B1A1944300001F0FAFA72E0226853
:1072300052006968AB6820681B1A01EB43013000FB
:1072400001F0EEFA66E0226892006968AB68206897
:107250001B1A01EB8301300001F0E2FA5AE0D4F886
:107260000090A868B9EB00096878002803D00228CC
:1072700035D018D34EE04A4668686969B1EB090118
:107280000144B246504601F0CBFA2268B2EB090243
:107290006968AB6820681B1A194406EB09042000D2
:1072A00001F0BEFA36E05FEA490268686969B1EB4D
:1072B000090100EB4101B246504601F0B1FA2268E3
:1072C000B2EB090252006968AB6820681B1A01EB37
:1072D000430106EB4904200001F0A2FA1AE05FEA3C
:1072E000890268686969B1EB090100EB8101B24666
:1072F000504601F095FA2268B2EB090292006968E3
:10730000AB6820681B1A01EB830106EB890420009F
:1073100001F086FA287810F0F7002870FFB2002FED
:1073200008D128780B2802D15FF0020802E028007B
:10733000FFF736FD4046C0B2BDE8F087F8B504005F
:107340000E0017001D00002C01D0012000E00020DD
:107350004FF407720849C0B2FDF7CEFF0020676006
:107360000021217066700021A1600021E16025618B
:107370006561C0B2F2BD0000CC3A0910010009B24B
:10738000002908D4012210F01F018A401B4900B2D5
:10739000400941F820207047010009B2002908D4B3
:1073A000012210F01F018A40154900B2400941F83E
:1073B00020207047020012B2002A04D44901114A69
:1073C00000B2115407E049010F4A00B210F00F005B
:1073D000104400F8041C7047002800D162B60B4826
:1073E0000168491C0160704772B6084908680028A6
:1073F00002D00868401E08600868704700E100E09D
:1074000080E200E000E400E018ED00E0E0AD0328D9
:1074100080B5FFF7E9FF02F02FF801BD80B5C9B2D2
:1074200000B2FFF7C7FF01BD70B504000D001600E4
:10743000200000F047FA2900B4F9000000F081FABA
:107440003100C9B2B4F90200FFF7E8FFB4F9020055
:10745000FFF7A2FFB4F90200FFF790FF70BD000034
:1074600010B50446AFF30080204600F005F804464E
:10747000AFF30080204610BDF8B500F10F04E4081A
:10748000E400A0422BD2082C04D2082402E00830E9
:1074900000F047F8DFF800211368190005D100203B
:1074A00007E00568A5420DD2011D08680028F8D143
:1074B0001868111D00E0191D0B6883420BD01D6870
:1074C000A542F8D359B10B6818680838A04208D211
:1074D000586808600FE002F003F90028D7D10020B7
:1074E000F2BD181908601D1D586828511E680F68E4
:1074F000361B3E601C60096800291DBF48680028D3
:10750000081D0020106003F10800F2BD10B5040052
:1075100006D0AFF30080204600F003F8AFF3008000
:1075200010BD002800D1704770B4A0F108021368A4
:10753000072B2ED913F0070F2BD1DFF85C406168C1
:1075400009B18A4203D25160626015E00146486881
:1075500008B19042FAD308680E18B24219D3964285
:1075600003D11B180B600A4606E0486810B11344AB
:1075700098420ED350604A60506850B11368D518D5
:10758000854206D1002626600168CB18136040684A
:10759000506070BC7047000054AD0328012002F019
:1075A000B5B8FFF7B3BF0000002202F0B9B8000081
:1075B0002DE9F44FDFF8D822DFF8D8321B68DFF866
:1075C000D8422468DFF8D4522D68DFF8D4623668D8
:1075D000DFF8D0723F68DFF8D0C2DCF800C0DFF817
:1075E000CCE2DEF800E0DFF8C882D8F80080DFF8EF
:1075F000C492D9F80090DFF8C0A2DAF800A0002801
:1076000000F01581002900F012810A68022A06D1D3
:1076100091F82620002A02D15FF0000B03E0D1F898
:1076200004B0BBF1010B91F82420002A01D0012203
:1076300000E0002262F3104333F440436BF3030392
:10764000022262F3196303600A7812F0030262F304
:107650001964046491F82520002A01D0012200E079
:10766000002262F38615CA7E002A01D0012200E0C2
:10767000002262F38A254A7E002A01D0012200E01E
:10768000002262F308258A7E002A01D0012200E050
:10769000002262F349258A6B521E12F00F0262F338
:1076A00013450A69521E12F00702ED08ED0015435A
:1076B0004A6962F304154A69520862F34515856404
:1076C0000A7B002A01D0012200E0002262F3082692
:1076D0000A7E002A01D0012200E0002262F349263E
:1076E0008A68521E12F01F02760976011643C0F80E
:1076F00000630A7F02F0FF023F0A3F02174391F83E
:10770000202002F0FF0262F31747C0F8107391F8CF
:107710002720002A01D0012200E0002262F3082C79
:107720000A69521E12F007025FEADC0C5FEACC0C19
:1077300052EA0C0C4A6962F3041C4A69520862F36B
:10774000451CC0F844C00A7B002A01D0012200E099
:10775000002262F3082E8A68521E12F01F025FEAAE
:107760005E1E5FEA4E1E52EA0E0E0A68012A01D121
:10777000012200E0002262F3104EC0F800E291F80E
:107780003C2002F0FF025FEA18285FEA082852EA6C
:107790000808C0F8048391F82820002A01D00122AB
:1077A00000E0002262F35969CA6A012A01D101226C
:1077B00000E0002262F318694A6B012A01D101231B
:1077C00000E00023009A63F3104991F8303003F091
:1077D000FF035FEA19295FEA092953EA0909C0F89A
:1077E000509091F8443003F0FF035FEA1A2A5FEAF1
:1077F0000A2A53EA0A0AC0F804A28B6CC0F8883F30
:10780000096CC0F8C81F002A10D00020506000206A
:107810001060002090600020D060002010620020E6
:10782000D06200201063DFF8940050630022100043
:10783000BDE8F28FDFF8881001605FF44011016449
:107840000021816440F20711C0F800130022C0F843
:1078500004230022C0F8102300224264C0F8001262
:107860000021C0F80412002101650021C0F8C81EE3
:107870000021C0F8881E0021C0F8C81F0021C0F8F0
:10788000881F0021C0F8081F0021C0F8481F70475A
:107890000160AA0034430910384309103C43091021
:1078A0004043091044430910484309104C43091050
:1078B000504309105443091058430910EFCDAB0051
:1078C0000F00000330B40021234A1368234A1468D0
:1078D000002832D0224A1568C5F303250E2D0FD09B
:1078E0001268C2F303220D2A28D1827812F00F0207
:1078F0002409240114430279002A15D0012214E03E
:10790000827812F00F021B091B0113430279002A2F
:1079100001D0012200E0002262F3DF73114AB0F9C6
:10792000000042F8203009E0002262F3DF740E4AC2
:10793000B0F9000042F8204000E00649080030BCE1
:1079400070470A4B1A68002A03D01A6800B242F83E
:107950002010704701005600644309106843091065
:107960000000204000A0204000C0204030BF02287E
:1079700040F0200070472DE9F14FB0B092460491DD
:107980000DF142013A9A2B9199464A7000200AE083
:107990001AF8011B0498309A90470028049000F0D0
:1079A00034860D98401C0D909AF8000050B125289F
:1079B000EED1002100220791089209910A920B91C1
:1079C0000C9204E00D9800F022BE41F001011AF87B
:1079D000010F2028F9D023280CD02B2804D02D28E3
:1079E00005D0302809D00BE041F00201EFE741F06B
:1079F0000401ECE741F00801E9E741F01001E6E796
:107A00002A280FD1D9F8002052F8040BC9F8002019
:107A100000280F9003D540420F9041F004010AF175
:107A2000010A14E00F92DFF8EC3B0AE00F9898424D
:107A300005DA00EB800402EB4402303A0F920AF1BF
:107A4000010A9AF80020A2F130000A28EED39AF831
:107A500000002E2803D04FF0FF320E9229E01AF8D2
:107A6000010F2A2809D1D9F8000050F8042BC9F8D1
:107A700000000E920AF1010A1BE02D280CBF0AF14A
:107A8000010A002000220E92DFF8884B0BE040B97B
:107A90000E9AA24205DA02EB820503EB4503303B66
:107AA0000E930AF1010A9AF80030A3F130020A2A73
:107AB000EDD3ADF840100FF660309AF8001001F0E9
:107AC00049FE08B11AF8010B8DF842009DF84200FA
:107AD000682805D19AF8000068280CD1622106E0D8
:107AE0006C2804BF9AF800006C2804D171218DF82D
:107AF00042100AF1010A12A806901AF801BBBBF164
:107B000025012CD01C3900F09481091F022940F274
:107B10009081133900F0AB84093900F08A81891E05
:107B200000F04085491E00F0ED84491E022940F214
:107B30008081091F00F0E684491F00F0EF80491E94
:107B400000F09584491E00F0D780C91E0CD0891E14
:107B500000F08D84C91E00F08A8400F02EBD012340
:107B60000793252100F026BDD9F8000050F8044BFA
:107B7000C9F80000002C059440F0AB802B994878A0
:107B8000002800F0A1804FF0FF340FF6942001F0A0
:107B9000EDFD241A40F0398500F01BBD01236A4633
:107BA00002A9304600F000FE002840F02E85641E39
:107BB000F4D13096079C12AF74B1309E17F8011BB8
:107BC0000498B0470028049000F01F850D98401CD1
:107BD000641E0D90F2D130960A9C3021002C8DF855
:107BE00000100CDD309E01236A4602A9304600F0E9
:107BF000DBFD002840F00985641EF4D13096059F16
:107C0000089C74B1309E17F8011B0498B0470028F7
:107C1000049000F0FA840D98401C641E0D90F2D17F
:107C200030960B9C3021002C8DF800100CDD309E1E
:107C300001236A4602A9304600F0B6FD002840F054
:107C4000E484641EF4D1309605980899099C47187D
:107C500074B1309E17F8011B0498B04700280490B7
:107C600000F0D3840D98401C641E0D90F2D1309624
:107C70000C9C3021002C8DF800100CDD309E01236F
:107C80006A4602A9304600F08FFD002840F0BD840E
:107C9000641EF4D130969DF8400041077FF584AE14
:107CA0002020002D8DF800007FF77EAE309C012350
:107CB0006A4602A9204600F077FD002840F0A5841E
:107CC0006D1EF4D130946FE60FF63C30059000F055
:107CD00080BC0E9D002D04D52046FFF70BF804460E
:107CE00007E02A46204601F061FD002814BF041B6E
:107CF0002C46089400F06DBCD9F8001051F8040B24
:107D0000C9F8001020F00004002121F0FF35CDE972
:107D1000024512AB0593782100F040BC2B994878BE
:107D200020B14FF0FF340FF6B02030E79DF842004D
:107D3000622860D0682817D06A283FD06C2806D007
:107D4000712847D074282CD07A281DD062E0D9F849
:107D5000001051F8040BC9F80010002866D14FF04C
:107D6000FF340FF68C2012E7D9F8001051F8040BFD
:107D7000C9F8001020B94FF0FF340FF6742006E761
:107D80000D99018000F025BCD9F8001051F8040BC2
:107D9000C9F80010002849D14FF0FF340FF65020E9
:107DA000F5E6D9F8001051F8040BC9F800100028C6
:107DB0003CD14FF0FF340FF63820E8E6D9F8001038
:107DC00051F8040BC9F8001080B94FF0FF340FF6DA
:107DD0002020DCE6D9F8001051F8040BC9F8001097
:107DE00020B94FF0FF340FF60820D0E60D9AD317D4
:107DF000C0E90023EDE3D9F8001051F8040BC9F8ED
:107E0000001020B94FF0FF340FF6E410BFE60D99D3
:107E10000170DEE3D9F8001051F8040BC9F8001026
:107E200020B94FF0FF340FF6C810B0E60D9901608D
:107E3000CFE39DF842004C2807BFD9F80010CA1DB7
:107E4000D9F80000C21D22F00702C9F80020D2E9CB
:107E500000010832C9F80020CDE90201C80F02D0A4
:107E600007982D210AE0BDF84000810702D5079848
:107E70002B2103E0C00705D50798202112AA115431
:107E8000401C079012A807994BF0200300EB010C4F
:107E9000DDE90201CDE92C01612BCDF814C021AC44
:107EA0000BD00E98002848BF062105D404BF4BF024
:107EB0002000672801D101210E91DDE902014F0068
:107EC00047EAD0777E15FF174FF0FF32974208BF81
:107ED000964210D1090341EA10510003002908BF5E
:107EE000002808D0ABF1610503211A2D089118D3A1
:107EF0000FF61C1110E0DDE902014A00521512F1E3
:107F0000010F11D108030FD1ABF1610503211A2D27
:107F100008911FD30FF600110322604600F080FC89
:107F200057E30FF6E801F7E7DDE902016A4601F0E1
:107F300069FCCDE902014BF02000612811D10598C0
:107F400030210170821C0592BBF1610F0CBF7821BA
:107F5000582102E00FF6BC01DEE741700798801C53
:107F60000790DDE9020120F0000231F0004308BF74
:107F7000002A02D10026002542E14BF02008B8F18A
:107F8000610F40F092800E98002847BF2121019197
:107F9000401C0190019FDDE92C017F1C0022002381
:107FA000DDE9024501F066FC38BF85F00045009927
:107FB0008DF88420091F002F00910DF1850632DD18
:107FC000204629460022002301F06EFC2BD21C2201
:107FD00001F084FC04460D4601F002FDFF1F002F56
:107FE000804609DD01F003FD02460B462046294686
:107FF00001F004FD04460D46F01D0721B8F1000F05
:108000000CDD491E5EBF08F00F0200F8012D4FEA9B
:108010002818F3D502E0002200F8012D491EFAD5F8
:10802000C61D002FCCDC0DF18500361A01980DF12C
:1080300085048642D8BF304600282FD4B04206DAE5
:108040000DF185010A5C082AA8BF0F2100DA002182
:10805000024621AB134400E0401E13F80159521EA2
:108060008D42F9D00F2904D10DF185018B5C5B1C89
:108070008B54002A04D50099091D21AC401C0091A5
:10808000411E0BD4621813783033DDB23A2DA4BFF1
:108090005B443A3B491E02F80139F4D50E99002998
:1080A00040F1AC80421E0E92A8E00099DFF8E8266D
:1080B00047F29750414391FBF2F20092DDE92C45E3
:1080C000C2F10702002A25F0004504DD20462946BA
:1080D00000F03EFB0BE052420020DFF8C01600F03B
:1080E00037FB02460B462046294601F090FC044629
:1080F0000D46B8F1660F06BF009F0A3706270E9897
:108100003F18142FC8BF142730208DF884000DF1BC
:108110008506002F34DD2046294601F081FC01460A
:108120000A4606F1080304200A26B2FBF6F606EB1F
:10813000860EA2EB4E02303203F8012C0A22B6FB67
:10814000F2F202EB820EA6EB4E063036401E03F82A
:10815000026DE9D1083F002F03F10806D9DD08467A
:1081600001F065FC02460B462046294601F046FC1C
:108170000022DFF82C3601F061FC04460D46CAE708
:108180000DF18500361A0DF1850404E00098401EBB
:10819000761E0090641C20783028F7D0B8F1660F66
:1081A00002D10098401C04E0B8F1650F0CBF01201B
:1081B00000200E9940188642B8BF701E00281DD4BA
:1081C000B04204DA215C3429C8BF392100DC3021F7
:1081D0000246631E9D1800E0401E15F80169521EFC
:1081E0008E42F9D0392902D1A15C491CA154002A40
:1081F00004D50099491C1C46401C00910646009D70
:108200000E9F30B2002802DC01260FF210644BF002
:108210002000662808BF6D1C15D067280FFA85F866
:1082200041D118F1040F44DBB84542DA9DF8400013
:108230006D1C010703D430B2B842D8BF074628B23C
:108240003F1A48BF00270FFA85F8B8F1000F00F376
:10825000AF800898411C0891302205990A54002FDC
:1082600003DC9DF84000010705D50898411C0891E2
:108270002E2205990A5417EB080FB8BF7D422DB284
:108280006842ED1932B20B909542B8BF2E46059B5D
:10829000089836B2099632462146184400F0C0FAD2
:1082A000AD1B0C95CCE0BBF1610F15D14FF0700BFD
:1082B00017E030B2B84204DA9DF840100A0758BF00
:1082C00007467F1E48BF0027BBF1670F14BF4FF062
:1082D000450B4FF0650B04E0BBF1410F08BF4FF0B9
:1082E000500B0898411C0891002F059914F8012B98
:1082F0000A5403DC9DF84000010719D50898411C79
:1083000008912E2205990A54002F11DD761E30B2F5
:108310008742B8BF3E460598089B32B221461844B2
:1083200000F07EFA089836B23018BF1B08900B9701
:10833000059808990844B8F1000F80F800B003D4FC
:108340002B224270821C04E02D2145464170821C84
:108350006D4200212CAB28460AE004460A2094FB1B
:10836000F0F000EB8005A4EB450403F8014B491C39
:1083700000B20028F1DC012906DC4BF02000652862
:1083800004BF302002F8010B00292CAB08D13020AB
:1083900002F8010B06E0491E585C303002F8010B70
:1083A0000029F8DC059908980844121A099247E058
:1083B00030B229B288421BDA0598089B32B22146B6
:1083C000184400F02DFA089936B271180891A8EBFC
:1083D0000600002F0B9003DC9DF84000020705D536
:1083E000059A2E2050540999491C09910C9727E0B1
:1083F0000598089B2AB22146184400F011FA089803
:10840000761B4044002F089003DC9DF840100A07BB
:1084100004D5411C08912E2205990A5430B2874296
:10842000B8BF3E460598089B32B204EB08011844D9
:1084300000F0F6F9089836B23018BE1B08900B967B
:108440009DF8400000F01400102840F0C280079A08
:1084500008980B99821809988A1882180C980F9915
:108460008018884280F2B580081A0A90B1E09DF821
:108470004200622808D068280ED06A2814D06C28E0
:108480001FD0712810D01CE0D9F8001051F8040B4F
:10849000C9F80010C0B21AE0D9F8001051F8040B66
:1084A000C9F8001080B212E0D9F80000C21D22F015
:1084B0000702C9F80020D2E900010832C9F80020FB
:1084C00006E0D9F8001051F8040BC9F8001000219B
:1084D000CDE902019DF8400001075AD5DDE90223EC
:1084E000002B08BF002A54D04BF02000782850D130
:1084F000079812A930220A54401C431C079301F824
:1085000000B046E09DF84200622808D068280ED0EE
:108510006A2814D06C281FD0712810D01CE0D9F81C
:10852000001051F8040BC9F8001040B21AE0D9F855
:10853000001051F8040BC9F8001000B212E0D9F88D
:108540000000C21D22F00702C9F80020D2E9000194
:108550000832C9F8002006E0D9F8001051F8040BE1
:10856000C9F80010C117CDE90201002902D507980A
:108570002D210AE0BDF84000810702D507982B2184
:1085800003E0C00705D50798202112AA1154401C0A
:10859000079012A8079901440591594602A800F0D6
:1085A0004DF816E001200790D9F8000050F8041BA0
:1085B000C9F800008DF848100BE001212522BBF11D
:1085C000000F07918DF8482003D0022207928DF802
:1085D00049B00F9D07990A986D1A08992D1A0B98A2
:1085E0006D1A09992D1A0C986D1A9DF840102D1AC4
:1085F00048073FF5DFAA2021002D8DF800107FF7F6
:10860000D9AA309E2C46FFF7C9BA4FF0FF3031B0DF
:10861000BDE8F08FCBCCCC0C686A6C747A4C00004F
:108620007072696E74665F733A20626164202573AC
:1086300020617267756D656E740000002DE9FC475E
:1086400007468A463C6950466F2808BF082505D072
:10865000FFF78EF9782814BF0A251025D7E9000105
:108660003C2680468946BAF1640F18BFBAF1690FFB
:1086700005D1002903D5D8F1000869EB4909B9F102
:10868000000F08BFB8F1000F0CD1386B50B9082D9E
:108690003AD197F83800010736D530223B2684F8C6
:1086A0003B2031E08DF800A0404649462A46EB17B2
:1086B00001F0CEF93032D0B2761E3A2801960EDAA9
:1086C000A255404649462A46EB1701F0C1F98046BB
:1086D0005FEA010908BFB8F1000F05D108E09DF875
:1086E00000001218513AEBE7F868A1198842DBD371
:1086F000082D09D197F83800010705D5A05D30286D
:1087000002D0761E3020A055C6F13C03BB61A119F2
:10871000F960386B834208DAC31A3B624FF6EF7098
:10872000398F01403987BDE8F38700280ED597F8C7
:10873000380000F01400102808D17A6B7969386A83
:10874000521A121AD21A002AC8BF3A62BDE8F38739
:108750002DE9D04306460F4614464FF00008DFF8D7
:10876000449012E0E00707D542464B463046394672
:1087700001F064F906460F464046494642464B46DC
:1087800001F05CF9641080468946002CEAD130463D
:108790003946BDE8D0830000A08601000000F03F0C
:1087A00084D7974100002440F8B505460E46174689
:1087B0001C4600205CB117F8011BB068A847B060E8
:1087C00030B1F06A401CF0620020641EF3D1F2BDAB
:1087D0004FF0FF30F2BD00007072696E74665F7317
:1087E0003A20256E20646973616C6C6F7765640054
:1087F0007072696E74663A2062616420256E206131
:108800007267756D656E7400000000006E616E0029
:108810004E414E00696E6600494E46003000000031
:1088200062B38B0708D0521E11F8013B00F8013BE0
:1088300000F024808B07F6D1830740F0208000BF32
:10884000103A07D330B4B1E83810103AA0E8381025
:10885000F9D230BC530724BFB1E80810A0E80810D3
:1088600044BF51F8043B40F8043BD20724BF31F821
:10887000022B20F8022B44BF0B7803707047121FA5
:1088800017D35B0009D151F8043B20F8023B1B0CC5
:10889000121F20F8023BF6D20BE051F8043B00F81F
:1088A000013B1B0A20F8023B1B0C121F00F8013B86
:1088B000F3D238BF121D521E24BF11F8013B00F83D
:1088C000013BF8D870470000022801D3012010E0D6
:1088D0000B00DBB2042B01DB01200AE0DFF82838B3
:1088E00003EB8000C9B2405C824201D3012000E06A
:1088F00000207047F8B506000F0015001C00022E7E
:1089000001D301201DE02A003900C9B23000FFF771
:10891000DBFF012801D1012013E03800C0B200289C
:1089200012D1B4F5807F0DD2DFF8E0077603304432
:1089300000EB850010F58050016864F30F210160A1
:108940000020F2BD0120FCE7FFB2012F11D1B4F5E8
:10895000803F0CD2DFF8B4077603304400EB85008B
:1089600010F5A050016864F317210160E8E70120C9
:10897000E7E70120E5E700B20012C0B27047F8B5A2
:1089800005000E001700280000B2FFF7F4FF0400F6
:108990002000C0B2022801D3012024E03A003100B7
:1089A000C9B22000C0B2FFF78FFF012801D101201A
:1089B00019E0DFF858172000C0B2400308442A002D
:1089C000D2B200EB8200D0F8000CF6B266F30920B8
:1089D00067F30700E4B264032144EDB201EB8501C3
:1089E000C1F8000C0020F2BD70B504000D001600A7
:1089F000022C01D301201DE032002900C9B2200061
:108A0000FFF762FF012801D1012013E0DFF8FC1617
:108A10006003085850F0004050F0407050F47F0060
:108A2000EDB265F3092066F3070062038850640322
:108A30000859002070BD10B5C0B2002800F0EA80CF
:108A4000022800F0EB80C0F0E780042800F0EA8004
:108A5000C0F0E680062800F0E980C0F0E580082834
:108A600000F0E880C0F0E4800A2800F0E780C0F061
:108A7000E3800C2800F0E680C0F0E2800E2800F0D1
:108A8000E580C0F0E180102800F0E480C0F0E080D4
:108A9000122800F0E380C0F0DF80142800F0E280AC
:108AA000C0F0DE80162800F0E180C0F0DD801828DC
:108AB00000F0E080C0F0DC801A2800F0DF80C0F019
:108AC000DB801C2800F0DE80C0F0DA801E2800F079
:108AD000DD80C0F0D980202800F0DC80C0F0D88094
:108AE000222800F0DB80C0F0D780242800F0DA8054
:108AF000C0F0D680262800F0D980C0F0D580282884
:108B000000F0D880C0F0D4802A2800F0D780C0F0D0
:108B1000D3802C2800F0D680C0F0D2802E2800F020
:108B2000D580C0F0D180302800F0D480C0F0D08053
:108B3000322800F0D380C0F0CF80342800F0D280FB
:108B4000C0F0CE80362800F0D180C0F0CD8038282B
:108B500000F0D080C0F0CC803A2800F0CF80C0F088
:108B6000CB803C2800F0CE80C0F0CA803E2800F0C8
:108B7000CD80C0F0C980402800F0CC80C0F0C88013
:108B8000422800F0CB80C0F0C780442800F0CA80A3
:108B9000C0F0C680462800F0C980C0F0C5804828D3
:108BA00000F0C880C0F0C4804A2800F0C780C0F040
:108BB000C3804C2800F0C680C0F0C2804E2800F070
:108BC000C580C0F0C180502800F0C480C0F0C080D3
:108BD000522800F0C380C0F0BF80542800F0C2804B
:108BE000C0F0BE80562800F0C180C0F0BD8058287B
:108BF00000F0C080C0F0BC805A2800F0BF80C0F0F8
:108C0000BB805C2800F0BE80C0F0BA805D2800F018
:108C1000BB80BBE01924BFE03124BDE01824BBE0D9
:108C20003324B9E03524B7E01424B5E03724B3E0A9
:108C30001324B1E02024AFE01224ADE02124ABE006
:108C40001124A9E01024A7E02824A5E02924A3E00A
:108C50002A24A1E009249FE02B249DE008249BE026
:108C60002C2499E0032497E0022495E0392493E032
:108C70003B2491E03D248FE001248DE03F248BE0F4
:108C8000002489E0402487E0412485E0422483E0F9
:108C9000432481E0BF247FE048247DE049247BE039
:108CA000BC2479E0992477E09A2475E0502473E09D
:108CB0009B2471E0B6246FE051246DE09C246BE0AE
:108CC000B52469E0522467E0A02465E0B42463E0A1
:108CD000532461E0B3245FE054245DE0B2245BE000
:108CE000B12459E0AD2457E0602455E0AE2453E0B0
:108CF000612451E0AD244FE062244DE063244BE059
:108D0000AB2449E0642447E0AA2445E0652443E01D
:108D1000A92441E0A8243FE069243DE06B243BE026
:108D20006D2439E06F2437E0A32435E0702433E06C
:108D3000A22431E071242FE0A1242DE097242BE020
:108D4000962429E0742427E0952425E0752423E067
:108D5000942421E093241FE092241DE078241BE05A
:108D6000792419E08C2417E07A2415E08B2413E091
:108D70007B2411E08A240FE05A240DE059240BE0F3
:108D8000892409E0582407E0882405E09D22DFF8C3
:108D900040190020FCF7B0FA2000C0B210BD10B599
:108DA000C0B2002800F0EA80022800F0EB80C0F09A
:108DB000E780042800F0EA80C0F0E680062800F092
:108DC000E980C0F0E580082800F0E880C0F0E48089
:108DD0000A2800F0E780C0F0E3800C2800F0E6806D
:108DE000C0F0E2800E2800F0E580C0F0E18010289D
:108DF00000F0E480C0F0E080122800F0E380C0F0D2
:108E0000DF80142800F0E280C0F0DE80162800F039
:108E1000E180C0F0DD80182800F0E080C0F0DC8048
:108E20001A2800F0DF80C0F0DB801C2800F0DE8014
:108E3000C0F0DA801E2800F0DD80C0F0D980202844
:108E400000F0DC80C0F0D880222800F0DB80C0F089
:108E5000D780242800F0DA80C0F0D680262800F0E1
:108E6000D980C0F0D580282800F0D880C0F0D48008
:108E70002A2800F0D780C0F0D3802C2800F0D680BC
:108E8000C0F0D2802E2800F0D580C0F0D1803028EC
:108E900000F0D480C0F0D080322800F0D380C0F041
:108EA000CF80342800F0D280C0F0CE80362800F089
:108EB000D180C0F0CD80382800F0D080C0F0CC80C8
:108EC0003A2800F0CF80C0F0CB803C2800F0CE8064
:108ED000C0F0CA803E2800F0CD80C0F0C980402894
:108EE00000F0CC80C0F0C880422800F0CB80C0F0F9
:108EF000C780442800F0CA80C0F0C680462800F031
:108F0000C980C0F0C580482800F0C880C0F0C48087
:108F10004A2800F0C780C0F0C3804C2800F0C6800B
:108F2000C0F0C2804E2800F0C580C0F0C18050283B
:108F300000F0C480C0F0C080522800F0C380C0F0B0
:108F4000BF80542800F0C280C0F0BE80562800F0D8
:108F5000C180C0F0BD80582800F0C080C0F0BC8047
:108F60005A2800F0BF80C0F0BB805C2800F0BE80B3
:108F7000C0F0BA805D2800F0BB80BBE00824C0E0F0
:108F80000824BEE00824BCE00824BAE00824B8E0C5
:108F90000824B6E00824B4E00824B2E00824B0E0D5
:108FA0000824AEE00824ACE00824AAE00824A8E0E5
:108FB0000824A6E00824A4E00824A2E00824A0E0F5
:108FC00008249EE008249CE008249AE0082498E005
:108FD000082496E0082494E0082492E0082490E015
:108FE00008248EE008248CE008248AE0082488E025
:108FF000082486E0082484E0082482E0082480E035
:1090000008247EE008247CE008247AE0082478E044
:10901000082476E0082474E0082472E0082470E054
:1090200008246EE008246CE008246AE0082468E064
:10903000082466E0082464E0082462E0082460E074
:1090400008245EE008245CE008245AE0162458E076
:10905000082456E0082454E0082452E0082450E094
:1090600008244EE008244CE008244AE0082448E0A4
:10907000082446E0082444E0082442E0082440E0B4
:1090800008243EE008243CE008243AE0082438E0C4
:10909000082436E0082434E0082432E0082430E0D4
:1090A00008242EE008242CE008242AE0082428E0E4
:1090B000082426E0082424E0082422E0082420E0F4
:1090C00008241EE008241CE008241AE0082418E004
:1090D000082416E0082414E0082412E0082410E014
:1090E00008240EE008240CE008240AE0082408E024
:1090F000082406E04FF48672DFF8D4150020FCF750
:10910000FBF82000C0B210BD584209100000044016
:1091100080B5C0B2002800F0EA80022800F0EB80A1
:10912000C0F0E780042800F0EA80C0F0E68006285E
:1091300000F0E980C0F0E580082800F0E880C0F089
:10914000E4800A2800F0E780C0F0E3800C2800F0FB
:10915000E680C0F0E2800E2800F0E580C0F0E180FB
:10916000102800F0E480C0F0E080122800F0E380D6
:10917000C0F0DF80142800F0E280C0F0DE80162806
:1091800000F0E180C0F0DD80182800F0E080C0F041
:10919000DC801A2800F0DF80C0F0DB801C2800F0A3
:1091A000DE80C0F0DA801E2800F0DD80C0F0D980BB
:1091B000202800F0DC80C0F0D880222800F0DB807E
:1091C000C0F0D780242800F0DA80C0F0D6802628AE
:1091D00000F0D980C0F0D580282800F0D880C0F0F9
:1091E000D4802A2800F0D780C0F0D3802C2800F04B
:1091F000D680C0F0D2802E2800F0D580C0F0D1807B
:10920000302800F0D480C0F0D080322800F0D38025
:10921000C0F0CF80342800F0D280C0F0CE80362855
:1092200000F0D180C0F0CD80382800F0D080C0F0B0
:10923000CC803A2800F0CF80C0F0CB803C2800F0F2
:10924000CE80C0F0CA803E2800F0CD80C0F0C9803A
:10925000402800F0CC80C0F0C880422800F0CB80CD
:10926000C0F0C780442800F0CA80C0F0C6804628FD
:1092700000F0C980C0F0C580482800F0C880C0F068
:10928000C4804A2800F0C780C0F0C3804C2800F09A
:10929000C680C0F0C2804E2800F0C580C0F0C180FA
:1092A000502800F0C480C0F0C080522800F0C38075
:1092B000C0F0BF80542800F0C280C0F0BE805628A5
:1092C00000F0C180C0F0BD80582800F0C080C0F020
:1092D000BC805A2800F0BF80C0F0BB805C2800F042
:1092E000BE80C0F0BA805D2800F0BB80BBE00020EB
:1092F000C0E00020BEE00120BCE00120BAE0022076
:10930000B8E00320B6E00320B4E00420B2E004207B
:10931000B0E00520AEE00520ACE00620AAE0072082
:10932000A8E00920A6E00A20A4E00B20A2E00B2080
:10933000A0E00C209EE00C209CE00D209AE00D2087
:1093400098E00E2096E00F2094E0102092E011208B
:1093500090E011208EE012208CE012208AE0132091
:1093600088E0142086E0152084E0162082E0162094
:1093700080E018207EE019207CE019207AE01A2095
:1093800078E01B2076E01C2074E01C2072E01C209A
:1093900070E01D206EE01D206CE01D206AE01E20A4
:1093A00068E01E2066E01E2064E01F2062E01F20AF
:1093B00060E020205EE020205CE021205AE02220B6
:1093C00058E0242056E0242054E0252052E02520B7
:1093D00050E026204EE027204CE027204AE02820BD
:1093E00048E0282046E0292044E0292042E02A20C5
:1093F00040E02C203EE02D203CE02E203AE02F20C3
:1094000038E02F2036E0302034E0302032E03120C8
:1094100030E031202EE032202CE033202AE03420CE
:1094200028E0342026E0352024E0352022E03620D4
:1094300020E037201EE038201CE039201AE03920D7
:1094400018E03A2016E03A2014E03B2012E03B20DE
:1094500010E03B200EE03C200CE03C200AE03D20E8
:1094600008E03D2006E040F27B1299490020FBF71E
:1094700043FF0020C0B202BD002007E09549C201B1
:109480008A5822F00042C301CA50401C3F28F5DB35
:10949000704770B504000E00002000202000C0B20C
:1094A000FFF736FE8B4DC0B2C0012844006A80B27F
:1094B00006FB00F642F21070B6FBF0F62000C0B2D8
:1094C000FFF726FEC0012844B6B246612000C0B2B4
:1094D000FFF71EFE0100C9B2C9012944096C51F011
:1094E0000101C0B2C0012844016470BD2DE9F04102
:1094F000AAB004000D001600342100221DAF380070
:10950000FBF7D6FF0020742100226F463800FBF7DE
:10951000CFFF0E201E902000C0B2FFF740FC8DF858
:109520007C002000C0B2FFF786FA07005FF0080851
:109530002000C0B2FFF77FFA1DAA97FBF8F108FBE5
:1095400011773900644BC0B2C010C0011844FCF759
:109550002CFC2000C0B2FFF7DBFD00220121C0B2CD
:1095600010F5937000B2FFF70AFA2000C0B2FFF7BF
:10957000CFFDC0B210F5937000B2FFF7FCF90923DC
:1095800000220121C0B2FFF7B5F92000C0B2FFF7F9
:10959000BFFDC0B210F5937000B2FFF7ECF90022E6
:1095A0000121C0B2FFF720FA4C48B0FBF5F1090CDD
:1095B0004A482A04B0FBF2F302FB1300002800D053
:1095C000491C022903D200208DF801002FE0032955
:1095D00003D201208DF8010029E0052903D20220E1
:1095E0008DF8010023E0092903D203208DF8010042
:1095F0001DE0112903D204208DF8010017E0212974
:1096000003D205208DF8010011E0412903D2062084
:109610008DF801000BE0812903D207208DF80100AD
:1096200005E040F2C9122A490020FBF765FE04203C
:109630008DF8000001208DF8100000208DF8110039
:1096400003208DF8120003208DF8130000208DF800
:109650000800224901229DF901008240B1FBF2F08D
:10966000B0FBF5F0401E05900598401C06FB00F687
:1096700042F21070B6FBF0F0089002208DF8400026
:1096800003208DF8680001201B9001208DF8280030
:109690002000C0B2FFF73CFD0E4D6946C0B2C001CC
:1096A000284400F0EDFA2000C0B2FFF731FDC0B24F
:1096B000C001284400F0E4FB2000C0B2FFF728FD01
:1096C000C0B2C0012844FCF7DFFA2AB0BDE8F0813F
:1096D000643B0910000058400000314000127A003D
:1096E0000749086808B1002070470648C008C00054
:1096F00008600549C908C900091A0160704700BF20
:1097000000AE032807DC072800E0072880B5AFF388
:109710000080024A11001820ABBEFBE726000200C1
:1097200000B500BF130096469446103928BFA0E844
:109730000C50FAD85FEA417C28BF0CC048BF40F803
:10974000042BC90728BF20F8022B48BF00F8012BC3
:1097500000BD0000C9B202788A421AB11CBF10F8DD
:10976000012FF9E718BF00207047000080B500B94D
:1097700006A005490B681BB122220021984701E091
:10978000FDF70CFF222002BD04AE0328636F6E7349
:10979000747261696E742068616E646C65723A20DF
:1097A000626164206D65737361676500C9B2830788
:1097B00006D0521E22D310F8013B9942F7D11FE088
:1097C000083A13D302F1040241EA012141EA0141BE
:1097D00050F8043B121F21BF4B40A3F1013C2CEA7F
:1097E000030C1CF0803FF3D0C9B2001F083210F800
:1097F000013B521E28BF91EA030FF8D818BF012081
:10980000401E704710B5144600F002F8226010BDEB
:10981000C1F30A5343B14A0012F5001F28D2A3F244
:10982000FE32A1EB0251704750EA410C20D001F00A
:10983000004C31EA0C01B1FA81F204BFB0FA80F3B6
:10984000D2180B3AB2F120032CBF00FA03F1914079
:1098500041EA0C013EBFC2F1200C20FA0CF319437F
:109860009040524240F2FD33D21A01EB035170474F
:109870000022704741EA030C50EA4C0C52EA0C0CEF
:109880004FF4001C09D307D01CEB410F9CBF1CEB0D
:10989000430F8B4208BF824270471CEB430FFBD83B
:1098A000994208BF9042704741EA030C50EA4C0CC1
:1098B00052EA0C0C4FF4001C09D307D01CEB410FEB
:1098C0009CBF1CEB430F994208BF904270471CEBB2
:1098D000410FFBD88B4208BF8242704700B541EC74
:1098E000100B104600F004F851EC100B00BD00BF47
:1098F000020030EE101B40F2FF7C37D41CEA1153FB
:1099000013D063456BD09B18634504D201EB025121
:1099100020EE101B704701F0004141EA0C5100207D
:1099200041EC100BAFF30080704710EE100B50EAC3
:10993000410054D0B2F57F7F08D202EB5C010905EB
:10994000002041EC110B20EE010B70474FF0FE415F
:10995000002341EC113B20EE010BB2F57E7230EE9C
:10996000101B4FEA410342EB5353CDE752421CEA2E
:10997000115316D0634532D09A4204D2A1EB025162
:1099800020EE101B70475B1ED21AA1EB035120EE94
:10999000101B372A0CD3002001F0004141EC100BC2
:1099A000C0E710EE100B50EA410018D0372AF2D26F
:1099B000C2EB5C021105002041EC110BF1EE100A24
:1099C00020F01F0121F4F851E1EE101A20EE010BF6
:1099D000F1EE101AE1EE100A11F0080FA2D1704753
:1099E00041EC100BBDEEC00B10EE100A704700EEFC
:1099F000100AB8EEC00B51EC100B704741EC100B85
:109A000043EC112B30EE410B51EC100B704741EC45
:109A1000100B43EC112B80EE010B51EC100B704737
:109A200041EC100BBCEEC00B10EE100A704700EEBC
:109A3000100AB8EE400B51EC100B704741EC100BC4
:109A400043EC112B20EE010B51EC100B7047000082
:109A5000BBBBE1B1B2F5803F80F07E80022A1ED907
:109A60008C46B1FBF2F102FB11C31B0443EA104325
:109A7000B3FBF2FC02FB1C3380B240EA0343B3FBAE
:109A8000F2F002FB103240EA0C4000237047022A39
:109A900005D98446B0FBF2F002FB10C270474AB110
:109AA00005D100F0010249085FEA3000704700224A
:109AB0000023704700F0EAB90B00020000210020EB
:109AC0007047904271EB030CF6D3B3F5803F2FD271
:109AD000F0B5B3FA83F7B1FA81F4A7F10F0E3D1B8D
:109AE0005340CEF1200602FA0EF2F3415340B5F195
:109AF0000F0746D80F3C2C444140C4F12006A0403B
:109B0000F1414140B1FBF3F603FB1611A2FB064500
:109B1000001BA94102D2761E8018594180EA010239
:109B200021FA0EF362FA0EF200215A403046F0BDDF
:109B300030B4B1FBF3FC03FB1C11A2FB0C45001B72
:109B4000A94103D2ACF1010C8018594130BC024646
:109B50000B46604600217047B2F1807F65D3F0B5B7
:109B6000B2FA82F7B1FA81F4C7F10F063D1B22FA6F
:109B700006F307F1110EF24120355A40B5F10F07F7
:109B8000B8D94140C4F12006A040F1414140B1FBA9
:109B9000F3FC03FB1C11A2FB0C45001BA94103D2E3
:109BA000BCF1010C801859410F2F12D30F3FC9038C
:109BB00041EA5041B1FBF3F603FB1611A2FB064547
:109BC000D4EBC030A94102D2761E8018594146EA32
:109BD000CC3C07B34140C7F12006B840F1414140B9
:109BE000B1FBF3F603FB1611A2FB0645001BA941CE
:109BF00002D2761E8018594180EA010221FA0EF342
:109C0000C7F1200462FA0EF20CFA07F05A402CFA5F
:109C100004F13043F0BD80EA010221FA0EF3002185
:109C200062FA0EF260465A40F0BD8C46B1FBF2F18A
:109C300002FB11C31B0243EA1063B3FBF2FC02FBFD
:109C40001C331B024CEA002043EA1063B3FBF2FC16
:109C500002FB1C331B024CEA002043EA1063B3FBF7
:109C6000F2FC02FB1C331B024CEA002043EA1063A7
:109C7000B3FBF2FC02FB1C324CEA002000237047CD
:109C80000122002800F0EC80002900F0E980754AEC
:109C900012680B7A63F392420B7B13F0030363F3B6
:109CA00011420B7813F0070363F31A628B7863F3A6
:109CB0009E7291F8283063F3000291F8343063F318
:109CC00041020B7F63F382024B7F63F3C30291F87F
:109CD000403063F38A2291F84030DBB25B08DBB29C
:109CE00063F3492291F8703063F3082291F87130E0
:109CF00013F0030363F30D3202600A7A002A02D1E3
:109D00000022826007E00A7A012A02D14A69826051
:109D100001E0012282600A6A02614A6A4261CA6AFB
:109D200082610A6BC2614A6902628A6942624E4A72
:109D3000126891F8443003F0FF03120A12021A432A
:109D400091F84C3003F0FF0363F3174291F85C3055
:109D500003F0FF0363F31F6291F86C3003F0FF031D
:109D600063F30F224264414A126891F8643003F0B1
:109D7000FF0363F30F2291F8543003F0FF03120A3C
:109D800012021A4382643A4A126891F8413013F081
:109D90000303920892001A4391F8603013F0030312
:109DA00063F38B2291F8483013F0030363F3051239
:109DB00091F8503013F0030363F3092291F85830FF
:109DC00013F0030363F3871291F8683013F0030371
:109DD00063F38302C264274A126891F8723013F069
:109DE0000703D208D2001A4391F8733013F0070327
:109DF00063F30612426591F8352082671E4A1268A5
:109E00000B7C13F00303920892001A43CB7C13F0EF
:109E1000030363F387124B7C13F0030363F38302A2
:109E20008B7C13F0030363F305120265134A126877
:109E3000CB8863F31F428B889BB21B0A9BB263F3F0
:109E40000F220B78052B06D1097901F0FF01120AC8
:109E500012020A4302E0497861F30702026300221A
:109E6000100070478043091084430910884309108B
:109E70008C4309109043091094430910984309102A
:109E8000016851F000410160704700007047000018
:109E900010B542F2107203001BB2934200DB1000B7
:109EA000B84B040024B29C4200DAB7480C0024B23C
:109EB000944200DB11000A0012B29A4200DAB24961
:109EC00009B200B201F0E9F810BD000080B5DFED85
:109ED000411A9FED401ADFED3F0A9FED3F0AAB4864
:109EE00001F040F901BD000080B5DFED3A1A9FEDA9
:109EF000391ADFED380A9FED7A0AA54801F032F9E8
:109F000001BD000080B5DFED331A9FED7C1ADFED57
:109F10007C0A9FED7C0A9F4801F024F901BD0000F6
:109F200080B5DFED2C1A9FED781ADFED2A0A9FED40
:109F3000820A994801F016F901BD000080B5DFEDF5
:109F4000251A9FED701ADFED840AB0EE080A9348D7
:109F500001F008F901BD000080B5DFED1E1A9FED8C
:109F60001D1ADFED1C0A9FED7D0A884801F0FAF802
:109F7000DFED181A9FED171ADFED160A9FED780A2C
:109F8000834801F0EFF8DFED131A9FED761ADFED4D
:109F9000760A9FED760A7F4801F0E4F801BD80B5AE
:109FA0007B48D0ED070A7E48B0F90000404200EE41
:109FB000100AB8EEC00A754801F0E5F801BD80B599
:109FC0007848D0ED000A784890ED050A704801F015
:109FD000DAF801BD000000009A99993F38B52DEDDF
:109FE000048B724872490A8A0280724AB1F91210CF
:109FF0004942118070490B68B0F9004003FA84F3BC
:10A000000B606E4CB0F90000B2F9001001FA80F05C
:10A01000022190FBF1F02080B4F9000000EE100A5C
:10A02000B8EEC00ADFED520A20EE208A5E4890EDBD
:10A03000060ADFED500A60EE208AB0EE680A01F0F1
:10A04000F5F920EE089AB0EE680A01F0F1F920EE79
:10A05000080A5B48D0ED000A70EE890AC0ED000ADC
:10A060005848D0ED000A70EE800AC0ED000A56484C
:10A07000D0ED000A70EE890AC0ED000A5348D0ED19
:10A08000000A30EE800A80ED000A424D5048B0F9D7
:10A09000000000EE100AF8EEC00AB4F9000000EE6D
:10A0A000100AB8EEC00A280001F06DF8B3EE040AF9
:10A0B000D5ED070AF4EE400AF1EE10FA01DB85ED6A
:10A0C000070A95ED070ADFED2C0AB4EE600AF1EEFF
:10A0D00010FA01D53F48E861BDEC048B31BD0000AA
:10A0E0000000AF4480B53C48D0ED000A2E4890ED0A
:10A0F000060A294801F06EF801BD00000AD7233C8A
:10A1000017B7D138CDCC4C3E6F12033B80B5FFF76B
:10A11000DDFEFFF7E9FEFFF7F5FEFFF701FFFFF7B2
:10A120000DFF01BD80B5DFED150A1F4890ED040A53
:10A130001A4801F04FF801BD8FC2753C80B5B0EEF2
:10A14000602A71EE400A31EEC20A01F073F9DFEDC8
:10A150000C0A20EE200A01BD0AD7A33C9A99193FA8
:10A16000000048440AD7A33B17B7D1399A99193E42
:10A1700014542A3835FA8E3CFFFF9FC1008030C34B
:10A18000E02E6542F1D8FFFFF0D8FFFFE0AA0328D8
:10A1900000AB032820AB032840AB032860AB0328A7
:10A1A00016AE032870C20228A4C2022808AE0328F3
:10A1B00098AC03280AAE032874AD03280CAE03281C
:10A1C00078AD03287CAD032890AD032894AD032817
:10A1D0000EAE03280000A0C170AD03282DE9F84F92
:10A1E0002DED028BDFF8304D2068401C2060DFF839
:10A1F0002C5DB5F90000002804D001F059F9288839
:10A20000401E2880B5F90000002801D101F05AF95C
:10A21000DFF80C6D96F90000012840F0C780DFF8E8
:10A22000040D017801290BD1DFF8FC1C91ED060A21
:10A23000B1EE400ADFF8F41C81ED000A0021017044
:10A240000A202168226892FBF0F200FB121000281D
:10A2500047D1DFF8DC5C2878062806DB0020DFF831
:10A26000D41C0880FFF7BAFE3BE09620DFF8C41C40
:10A270000880FFF7B3FEDFF8C00C297800EBC101BE
:10A2800091ED008A297800EBC100D0ED018ADFF85A
:10A29000AC6CDFF8AC7CF0EE681AB0EE481AD7ED83
:10A2A000000A96ED000AFFF749FFDFF8980C80EDF1
:10A2B000000A96ED000A38EE400AD7ED000A78EE63
:10A2C000E00A20EE000A00EEA00A01F001F9DFED3D
:10A2D000C50AB4EE600AF1EE10FA02D52878401CE7
:10A2E000287005202168226892FBF0F200FB121012
:10A2F000002805D101F054FAFFF7F4FEFFF75FFEE6
:10A3000001F094F9FFF74BFEDFF8400CB0F90000C4
:10A31000002825D5DFF8380CDFF8382C92ED070A35
:10A32000F7EE000A30EE200AD0ED070A20EE200AF0
:10A33000BDEEC00A10EE101A09B2B7EE000AD2ED57
:10A34000070A30EE600AD0ED070A20EE200ABDEEC3
:10A35000C00A10EE100A00B2FFF79AFD00F0D7BD58
:10A36000DFF8EC0BDFF8EC2BB7EE000AD2ED070AB2
:10A3700030EE600AD0ED070A20EE200ABDEEC00ADA
:10A3800010EE101A09B292ED070AF7EE000A30EE4D
:10A39000200AD0ED070A20EE200ABDEEC00A10EE1A
:10A3A000100A00B2FFF774FD00F0B1BD96F900008D
:10A3B00000281ED100210020FFF76AFD0A20216835
:10A3C000226892FBF0F200FB1210002801D1FFF787
:10A3D00005FE05202168226892FBF0F200FB1210B6
:10A3E000002840F0948501F021F901F0D9F900F03E
:10A3F0008EBD96F9000002287CD10020DFF8341BC6
:10A4000008800A202168226892FBF0F200FB1210FB
:10A41000002801D1FFF7E2FD05202168226892FBA8
:10A42000F0F200FB1210002805D101F0B9F9FFF796
:10A4300059FEFFF7C4FD01F0F9F8FFF7B0FDDFF8B2
:10A44000100B90ED070ADFEDD30AB4EE600AF1EECF
:10A4500010FA01DB0021C161DFF8F01AB1F9001038
:10A46000002923D5DFF8EC2A92ED070AF7EE000A5F
:10A4700030EE200AD0ED070A20EE200ABDEEC00A19
:10A4800010EE101A09B2B7EE000AD2ED070A30EE4C
:10A49000600AD0ED070A20EE200ABDEEC00A10EED9
:10A4A000100A00B2FFF7F4FC00F031BDDFF8A42A77
:10A4B000B7EE000AD2ED070A30EE600AD0ED070AC7
:10A4C00020EE200ABDEEC00A10EE101A09B292ED7D
:10A4D000070AF7EE000A30EE200AD0ED070A20EE58
:10A4E000200ABDEEC00A10EE100A00B2FFF7D0FC41
:10A4F00000F00DBD96F90000032840F0E280DFF87F
:10A500005C5A287801280DD19FEDC70A01F032FB73
:10A51000DFF8280A00210160DFF8240A0021016029
:10A52000002028700A202168226892FBF0F200FBCC
:10A530001210002860D1DFF8280ADFF8F4592978D2
:10A540000278914202D20078002806D10020DFF87C
:10A55000E4190880FFF742FD4EE0DFF8080A0078B2
:10A56000012809D14FF49670DFF8C8190880DFF888
:10A57000D409002101603FE0C820DFF8B819088045
:10A58000FFF72CFDDFF8E009297800EBC10191ED20
:10A59000008A297800EBC100D0ED018ADFF89C69C0
:10A5A000DFF89C79F0EE681AB0EE481AD7ED000A91
:10A5B00096ED000AFFF7C2FDDFF8880980ED000A7A
:10A5C00096ED000A38EE400AD7ED000A78EEE00A70
:10A5D00020EE000A00EEA00A00F07AFFDFED010A8B
:10A5E00002E000BFCDCC4C3DB4EE600AF1EE10FAB3
:10A5F00002D52878401C287005202168226892FB2B
:10A60000F0F200FB1210002805D101F0C9F8FFF7A5
:10A6100069FDFFF7D4FC01F009F8FFF7C0FCDFF893
:10A620002C09B0F90000002825D5DFF82409DFF84F
:10A63000242992ED070AF7EE000A30EE200AD0ED49
:10A64000070A20EE200ABDEEC00A10EE101A09B269
:10A65000B7EE000AD2ED070A30EE600AD0ED070A25
:10A6600020EE200ABDEEC00A10EE100A00B2FFF77D
:10A670000FFC00F04CBCDFF8D808DFF8D828B7EEA4
:10A68000000AD2ED070A30EE600AD0ED070A20EE8C
:10A69000200ABDEEC00A10EE101A09B292ED070AA8
:10A6A000F7EE000A30EE200AD0ED070A20EE200A6D
:10A6B000BDEEC00A10EE100A00B2FFF7E9FB00F091
:10A6C00026BC96F90000042840F05181DFF89C0870
:10A6D0000178012901D100210170DFF8945895F922
:10A6E0000000012840F084800020DFF8481808802E
:10A6F0000A202168226892FBF0F200FB1210002869
:10A7000001D1FFF76BFC05202168226892FBF0F273
:10A7100000FB121000280CD1DFF858080168DFF8A0
:10A720005828B2F900208918016001F039F8FFF7C4
:10A7300046FC00F07BFFFFF732FCDFF8142892EDB7
:10A74000070ADFED140AB4EE600AF1EE10FA01DB3D
:10A750000020D061DFF82408DFF8D41709780378E7
:10A76000994202D20078002816D192ED070ABDEE78
:10A77000C00A10EE101A09B2494209B292ED070A56
:10A78000BDEEC00A10EE100A00B2404200B2FFF760
:10A790007FFB1DE000007A4592ED070ADFEDC90A54
:10A7A00030EE200ABDEEC00A10EE101A09B249427E
:10A7B00009B292ED070ADFEDC40A30EE200ABDEEC1
:10A7C000C00A10EE100A00B2404200B2FFF760FB70
:10A7D000DFF8A0170A68DFF8A8078218DFF8A407D7
:10A7E0008242C0F0948300200860002028708EE32D
:10A7F0000A202168226892FBF0F200FB1210002868
:10A8000052D1DFF87807DFF8286731780278914273
:10A8100002D20078002809D10020DFF8181708803C
:10A82000FFF7DCFB40E000BF00000000B420DFF8D1
:10A8300004170880FFF7D2FBDFF84C07317800EBF4
:10A84000C10191ED008A317800EBC100D0ED018AA1
:10A85000DFF8E876DFF8E886F0EE681AB0EE481A1E
:10A86000D8ED000A97ED000AFFF768FCDFF8D40680
:10A8700080ED000A97ED000A38EE400AD8ED000A94
:10A8800078EEE00A20EE000A00EEA00A00F020FEBA
:10A89000DFED8E0AB4EE600AF1EE10FA04D53078DE
:10A8A000401C30700120287005202168226892FB2E
:10A8B000F0F200FB1210002805D100F071FFFFF745
:10A8C00011FCFFF77CFB00F0B1FEFFF768FBDFF83F
:10A8D0007C06B0F90000002824D5DFF87406DFF804
:10A8E000742692ED070AF7EE000A30EE200AD0ED4A
:10A8F000070A20EE200ABDEEC00A10EE101A09B2B7
:10A90000B7EE000AD2ED070A30EE600AD0ED070A72
:10A9100020EE200ABDEEC00A10EE100A00B2FFF7CA
:10A92000B7FAF4E2DFF82806DFF82826B7EE000AC7
:10A93000D2ED070A30EE600AD0ED070A20EE200AB9
:10A94000BDEEC00A10EE101A09B292ED070AF7EE3A
:10A95000000A30EE200AD0ED070A20EE200ABDEEF4
:10A96000C00A10EE100A00B2FFF792FACFE296F991
:10A970000000052840F05B81DFF81006017801290E
:10A9800001D1002101700A202168226892FBF0F2B7
:10A9900000FB1210002840F0B580DFF8F48501F0CC
:10A9A000C3F988F80000DFF8EC9501F0CFF989F8D9
:10A9B0000000DFF8E4A501F0DCF98AF80000DFF818
:10A9C000DC7501F0E8F93870DFF8D4B5BBF80200A7
:10A9D00001F07CF94042DFF85C150880BBF800000C
:10A9E00001F084F9DFF85C05D0ED000A30EEC00A12
:10A9F00080ED000A99F90000002840D14FF4C8709A
:10AA0000DFF8A0150880DFF8A01508809AF900008B
:10AA100001282AD14FF4FA702880DFF8908598F841
:10AA2000000000280BD1DFF8140500210160DFF8D9
:10AA30001005002101609FEDC30A01F09BF8DFF8CB
:10AA4000700598F80010DFF8F424126840F83120FF
:10AA500098F8001000EBC100DFF8E41409684160C9
:10AA600098F80000401C88F8000097F900000128C1
:10AA700046D14FF47A70288001F0AEF940E099F9A0
:10AA80000000012824D19AF90000012813D1DFF831
:10AA90002405DFF824150278DFF8A0341B6841F89C
:10AAA0003230027801EBC201DFF8942412684A6068
:10AAB0000178491C017097F90000012820D101F0AC
:10AAC0000FFA1DE00000FAC30000FA43CDCC4C3D64
:10AAD00099F90000022813D198F9000001280AD141
:10AAE000DFF8D8040188491C0180B0F9001003295F
:10AAF00001DB00210180DFF8C404B0F90000002868
:10AB0000FFF76CFA05202168226892FBF0F200FB47
:10AB10001210002839D100F043FEDFF80C0490ED4C
:10AB2000040ADFEDA90AB4EE600AF1EE10FA0EDBBA
:10AB300090ED040ADFEDA50AB4EE600AF1EE10FA1A
:10AB400005D50121DFF8782411700021317090EDD6
:10AB5000050ADFED9F0AB4EE600AF1EE10FA08D4A0
:10AB600090ED050ADFED9B0AB4EE600AF1EE10FAF3
:10AB700005DB0120DFF84814087000203070FFF773
:10AB8000B1FAFFF71CFAFFF7CDFA00F04FFDFFF71F
:10AB900006FADFF8B803B0F90000002824D5DFF882
:10ABA000B003DFF8B02392ED070AF7EE000A30EEAB
:10ABB000200AD0ED070A20EE200ABDEEC00A10EEF2
:10ABC000101A09B2B7EE000AD2ED070A30EE600A99
:10ABD000D0ED070A20EE200ABDEEC00A10EE100AE2
:10ABE00000B2FFF755F992E1D948DA4AB7EE000A08
:10ABF000D2ED070A30EE600AD0ED070A20EE200AF7
:10AC0000BDEEC00A10EE101A09B292ED070AF7EE77
:10AC1000000A30EE200AD0ED070A20EE200ABDEE31
:10AC2000C00A10EE100A00B2FFF732F96FE196F990
:10AC30000000062840F08880DFF888532878012833
:10AC400010D19FED400A00F095FFFFF785F94FF412
:10AC50001670D5490880D3490880DB48DB4901607C
:10AC6000002028700A202168226892FBF0F200FB85
:10AC70001210002807D1B34800210160C820AD4957
:10AC80000880FFF7ABF905202168226892FBF0F2FB
:10AC900000FB1210002805D100F082FDFFF722FA18
:10ACA000FFF78DF900F0C2FCFFF779F9A748B0F97A
:10ACB0000000002822D5A648A64A92ED070AF7EE22
:10ACC000000A30EE200AD0ED070A20EE200ABDEE81
:10ACD000C00A10EE101A09B2B7EE000AD2ED070A48
:10ACE00030EE600AD0ED070A20EE200ABDEEC00A61
:10ACF00010EE100A00B2FFF7CBF808E19448954A2D
:10AD0000B7EE000AD2ED070A30EE600AD0ED070A6E
:10AD100020EE200ABDEEC00A10EE101A09B292ED24
:10AD2000070AF7EE000A30EE200AD0ED070A20EEFF
:10AD3000200ABDEEC00A10EE100A00B2FFF7A8F814
:10AD4000E5E000BF0000000096F90000072840F091
:10AD5000DE809F48017801291ED1002101709D48A5
:10AD60009D4991ED060B80ED000B91ED080B80EDF8
:10AD7000020B7D4890ED021AD0ED031ADFED720A46
:10AD80009FED710AFFF7DAF96748D0ED060A30EE59
:10AD9000600A664880ED000A0A202168226892FB5A
:10ADA000F0F200FB1210002854D18C48604E31782C
:10ADB0000278914202D2007800280DD100205D492E
:10ADC0000880FFF70BF945E0FFFF15C300001643AD
:10ADD00000000CC201000C4200F0F2FB4FF4967030
:10ADE00054490880FFF7FAF85F48317800EBC10159
:10ADF00091ED008A317800EBC100D0ED018A784FE7
:10AE0000DFF8E081F0EE681AB0EE481AD8ED000ADB
:10AE100097ED000AFFF792F94A4880ED000A97ED96
:10AE2000000A38EE400AD8ED000A78EEE00A20EE7B
:10AE3000000A00EEA00A00F04BFBDFED470AB4EE7B
:10AE4000600AF1EE10FA05D54FF4FA7028803078D8
:10AE5000401C307005202168226892FBF0F200FB54
:10AE60001210002805D100F09BFCFFF73BF9FFF71B
:10AE7000A6F800F0DBFBFFF792F83448B0F90000C9
:10AE8000002822D53248334A92ED070AF7EE000A2D
:10AE900030EE200AD0ED070A20EE200ABDEEC00AEF
:10AEA00010EE101A09B2B7EE000AD2ED070A30EE22
:10AEB000600AD0ED070A20EE200ABDEEC00A10EEAF
:10AEC000100A00B2FEF7E4FF21E02148214AB7EE64
:10AED000000AD2ED070A30EE600AD0ED070A20EE34
:10AEE000200ABDEEC00A10EE101A09B292ED070A50
:10AEF000F7EE000A30EE200AD0ED070A20EE200A15
:10AF0000BDEEC00A10EE100A00B2FEF7C1FFBDECA4
:10AF1000028BBDE8F18F00006CAD032810AE032852
:10AF200030AE0328E3C30228A4C2022880AD032860
:10AF300031AE03280EAE032874C2022878AD032870
:10AF40007CAD032870AD0328000000000CAE032880
:10AF5000E0AA032840AB0328CDCCCC3DE2C30228B5
:10AF600026AE03282AAE0328C88F0328E1C302288F
:10AF70002BAE03288CAD032818AE032828AE032877
:10AF80005F931B00BF263700E8920328E0C3022826
:10AF90002CAE03282DAE03282EAE03282FAE032897
:10AFA00000AD0328D2C30228D0C3022825AE03284F
:10AFB000A88C032827AE03280896032812AE03287E
:10AFC00035AE0328DFC3022870C202289A99E9C06F
:10AFD000DEC30228F0AC0328D0A9032829AE032839
:10AFE00084AD032888AD03281CB569460420FBF70F
:10AFF000F7FA002850D09DF80000A52805D14D484B
:10B00000C179A52901D0002181734A4B9DF8000028
:10B01000997B1944C871987B401C9873987B0728CA
:10B020003ADBD879A5282FD10020D873002106E07B
:10B03000DA7B03EB0100C0798218DA73491C062918
:10B04000F6DBD87B597B884215D1187A022809D1C2
:10B05000587A997A51EA00211982D87A197B51EAF3
:10B06000002159820020987307210022DC1D200056
:10B07000FAF71EFA10E00020987307210022DC1D69
:10B080002000FAF715FA07E0002098730721002244
:10B09000DC1D2000FAF70CFA13BD80B5254BA52264
:10B0A0001A7001225A70020012B212129A70D870ED
:10B0B000080000B200121871597100209871002127
:10B0C00004E09A79585C82189A71491C0629F8DBC9
:10B0D000072219000420FBF766FA01BD80B5154967
:10B0E000A520087002204870002088700020C870D9
:10B0F0000020087100204871A720887107220420D1
:10B10000FBF751FA01BD38B507210022094C250093
:10B110002800FAF7CDF907210022E51D2800FAF7EB
:10B12000C7F90020A0730020E07300206082002097
:10B13000208231BD98AC032880B5402340225FF4C3
:10B14000E1210420FBF7D6FC01210420FBF710FBD2
:10B15000FFF7D9FF00210020FFF79FFFFFF7BEFF99
:10B1600001BD000080ED000AC0ED010A80ED021A69
:10B17000C0ED031A002101610021416100218161BC
:10B180000021C1617047C0ED030AD0ED030A70EEE3
:10B19000C00A90ED051A31EE201A80ED051A90EDE7
:10B1A000001A21EE201AD0ED011A90ED052A01EEC9
:10B1B000821AD0ED061A70EEE11A90ED022A01EE25
:10B1C000821A80ED071AC0ED060A80ED040A90EDA0
:10B1D000070A7047C0ED030AD0ED030A70EEC00AFB
:10B1E0009FED1B1AF4EE410AF1EE10FA04DB9FED1D
:10B1F000191A70EE810A0AE09FED171AF4EE410A5F
:10B20000F1EE10FA03D59FED151A70EE810A90ED5C
:10B21000051A31EE201A80ED051A90ED001A21EE84
:10B22000201AD0ED011A90ED052A01EE821AD0ED18
:10B23000061A70EEE11A90ED022A01EE821A80EDF4
:10B24000071AC0ED060A80ED040A90ED070A704760
:10B25000010034430000B4C3000034C30000B44311
:10B26000DFED620A60EE200A10EE902A22F0004123
:10B2700001EE101ADFED5E1AB4EE611AF1EE10FA6B
:10B2800025D54FF07C5102F000420A4301EE102A0E
:10B2900071EE200AFDEEE00A10EE901A00296AD045
:10B2A000FAEEC90A9FED531A00EE810ADFED521A39
:10B2B00000EEA10A9FED512A00EE820ADFED502A2E
:10B2C00000EEA20A9FED4F1A00EE810A53E010EE45
:10B2D000101A4B001B1613F1010F0AD14900081672
:10B2E00010F1010F02D1090240F07F809FED460A64
:10B2F0007047490004D1002877D0B7EE000A7047A4
:10B300004FF07C5102F000420A4301EE102A71EE28
:10B31000200A10EE902A51000DD0090EC1F19601BD
:10B320001829A8BF02F0004203DA0029C4BFCA40AE
:10B330008A4000EE902A10EE901A490017D09FED37
:10B34000331A20EE811ADFED2B1A01EE210A9FED50
:10B350002A2A01EE020ADFED292A01EE220A9FEDD8
:10B36000283A01EE030ADFED271A01EE210AFDEE6D
:10B37000E00A10EE901A01F00301081810EE101AFE
:10B3800021F0004100EE901A9FED211AF4EE410ADF
:10B39000F1EE10FA04D5C10723D5B7EE000A20E07C
:10B3A000C10760EE000A0ED59FED1A0A9FED1A1A2A
:10B3B00000EE801ADFED191A41EE201AB7EE000AEE
:10B3C00001EEA00A0DE09FED162ADFED161A40EE01
:10B3D000821ADFED152A20EE201A41EEA02A01EE96
:10B3E000220A800748BFB1EE400A704783F9223F26
:10B3F0000000004F0000C9C600A0FDC00020A2BA96
:10B40000000034B30030C2AEFFFFFF7F0000803881
:10B41000000080399349B2BA36A02A3DDFFFFFBE53
:10B420006E8C4CB94283083CA1AA2ABE012017E7C2
:10B43000002015E752EC101AB0EEC00AC80F490000
:10B440005200F0EEE00A28BF0C3011F1807F38BFC7
:10B4500012F1807F0CD28A4238BF80F00400124281
:10B4600014D034BF80EE800A80EE200A00F034BE93
:10B4700011F1807F08BF80F0040098BF12F1807F37
:10B4800008D88A4214BF00224FF07E5200EE102AE4
:10B4900000F022BE6FF0004100EE101A704700006D
:10B4A00080B50323002201219C20FAF7CAFA01BDCE
:10B4B00080B50348006801219C20FAF768FA01BDB5
:10B4C0006CAD032880B500219C20FAF760FA01BD1D
:10B4D000B5EEC00AF1EE10FA02D4B1EEC00A704720
:10B4E0006FF0004C00EE10CAAFF300807047000010
:10B4F000DFF85407016851F080710160DFF84C07F4
:10B50000DFF84C1708600020DFF848170860DFF804
:10B510004807016851F001010160704738B52DED11
:10B52000068BDFF854472078002846D0DFF84C57C8
:10B5300095ED008B95ED029B9FED94AB28EE0A0BE9
:10B54000F8F716FEDFF8380700210160002141609E
:10B5500001212CE00A0092B212012A4492ED001B54
:10B5600031EE481B0A0092B212012A4492ED022BDE
:10B5700032EE492B9FED873B21EE0A1B21EE031B88
:10B58000B7EEC11B0A0092B200EBC20282ED011AB3
:10B5900022EE0A1B21EE031B21EE001BB7EEC11B9E
:10B5A0000A0092B200EBC20282ED001A491C0A00A6
:10B5B000237892B29BB29A42CCD3BDEC068B31BDBC
:10B5C00010B52DED028B9FED718BDFF8B84694ED31
:10B5D000000B20EE080BF8F7CBFDDFF8AC0690ED82
:10B5E000061B94ED002B31EE421B90ED082B94EDE1
:10B5F000023B32EE432B9FED673B21EE081B21EE11
:10B60000031BB7EEC11BDFF8840680ED001A22EEA3
:10B61000081B21EE031B21EE000BB7EEC00BDFF879
:10B62000700680ED000ABDEC028B10BD10B500F075
:10B63000FBFD00F010FEDFF85C060188891D01802B
:10B64000DFF854160A88121F0A80DFF85026138884
:10B650009B1F1380B1F90030DB1C072B01D20023A4
:10B660000B80B0F90030DB1C072B01D200230380D4
:10B67000B2F90030DB1C072B02D20023138002E05A
:10B6800013885B1E1380F6EE000A9FED440ADFF874
:10B690001036DFF81046B4F9004001EE104AB8EE5B
:10B6A000C11A21EE201AF7EE001A71EEE01A93ED9E
:10B6B000002A01EE821A83ED001ADFF8EC35DFF87C
:10B6C000EC45B4F9004001EE104AB8EEC11A21EE83
:10B6D000201AF7EE001A71EEE01A93ED002A01EE3F
:10B6E000821A83ED001ADFF8C835DFF8C845B4F9CF
:10B6F000004001EE104AB8EEC11A21EE201AF7EE12
:10B70000001A71EEE00AD3ED001A00EEA11A83EDE3
:10B71000001ADFF8A435B0F9000000EE900AF8EE48
:10B72000E00A60EE800AB7EE001A31EE401AD3ED5F
:10B73000001A41EE210AC3ED000ADFF88005B1F9D5
:10B74000001000EE901AF8EEE00A60EE800AB7EE04
:10B75000001A31EE401AD0ED001A41EE210AC0ED78
:10B76000000ADFF85C05B2F9001000EE901AF8EE5E
:10B77000E00A60EE800AB7EE001A31EE400A90ED62
:10B78000001A40EE010AC0ED000A10BD399D52A218
:10B7900046DF913F00000000AE4D58416666663FAF
:10B7A00010B52DED0C8BDFF8AC040068DFF8141534
:10B7B0000A68821A00EE102A0860B8EE400ADFED2F
:10B7C000E40A80EE208A9FEDE30AB4EE408AF1EEAF
:10B7D00010FA04DAB5EE408AF1EE10FA01D89FEDC6
:10B7E000DE8A9FEDDE0ADFF8E004DFF8CC14D1ED4D
:10B7F000000A90ED011AC0EE810A60EE808ADFF83F
:10B80000BC14D1ED000A90ED011AC0EE810A20EEC1
:10B81000809ADFF8AC14D1ED000A90ED011AC0EE69
:10B82000810A60EE809ADFF83C4494ED00AAD4EDE2
:10B8300001AA94ED02BAD4ED03BADFF8640490EDE6
:10B8400000CADFF86404D0ED00CADFF8640490EDAC
:10B8500000DA2CEE0C0A0CEEAC0A0DEE0D0AFFF726
:10B8600037FEB0EE402AB5EE402AF1EE10FA40F372
:10B8700094808CEE021ACCEE820ACDEE021AB6EE5D
:10B88000000ADFEDB72AB0EE003A6AEEAB3A4AEEB4
:10B890004B3A63EE833A2AEE2A4A0BEE2B4A24EE09
:10B8A000033A2AEE0A4A0AEEEA4A0BEE4B4A0BEE3C
:10B8B000AB4A60EE840A41EEC30A61EEA31A41EE80
:10B8C000441ADFF8A40322EEA01A90ED003A01EE2C
:10B8D000083A80ED003AE54922EEA11AD1ED002A9E
:10B8E00041EE082AC1ED002A9FED9E1AB4EE412ACE
:10B8F000F1EE10FA06DA9FED9C1AB4EE412AF1EE51
:10B9000010FA03D59FED990A9FED981A9FED981AAA
:10B9100090ED002AB4EE412AF1EE10FA01DBD44A90
:10B920000260BAEE042AD0ED002AF4EE422AF1EECB
:10B9300010FA01D580ED002AD1ED002AF4EE412A5B
:10B94000F1EE10FA01DBCA4A0A60D1ED002AF4EEEA
:10B95000422AF1EE10FA01D581ED002AC54AD2ED56
:10B96000002AF4EE412AF1EE10FA01DBC04B13601D
:10B9700092ED001AB4EE421AF1EE10FA01D582ED02
:10B98000002A90ED001A00EE201A71EE288AD1EDFF
:10B99000000A40EE210A30EE899AB6EE000A6AEEFD
:10B9A000E80A4BEE490A4BEEE90A60EE800A94ED94
:10B9B000001A00EE881A84ED001A6AEE280A4BEE8F
:10B9C000C90A4BEE290A60EE800A94ED011A00EED6
:10B9D000881A84ED011A6BEEA80A4AEE090A4AEEAB
:10B9E000E90A60EE800A94ED021A00EE881A84EDEE
:10B9F000021A6AEE890A4BEE680A4AEE290A20EE1C
:10BA0000800AD4ED030A40EE080AC4ED030A94ED5F
:10BA1000000AD4ED000A20EE200AD4ED010A94EDCC
:10BA2000011A00EE810AD4ED020A94ED021A00EE2A
:10BA3000810AD4ED030A94ED031A00EE810AFFF7A0
:10BA400047FDB5EE400AF1EE10FA1BDDF7EE000AF5
:10BA500080EE800AD4ED000A60EE800AC4ED000A90
:10BA6000D4ED010A60EE800AC4ED010AD4ED020AA9
:10BA700060EE800AC4ED020AD4ED030A20EE800ACB
:10BA800084ED030A9FED6E8AF0EE008A94ED010AC0
:10BA9000D4ED010A20EE200AD4ED020A94ED021A38
:10BAA00000EE810AF7EE000A40EE680A94ED000A03
:10BAB00094ED011A20EE010A94ED021AD4ED031A56
:10BAC00001EE210A20EE280AFFF7B4FC20EE080A56
:10BAD00084ED040A94ED000AD4ED020A20EE200A57
:10BAE000D4ED030A94ED011A00EEC10A20EE280AF3
:10BAF00000F074FC20EE080A84ED050A94ED020AB9
:10BB0000D4ED020A20EE200AD4ED030A94ED031AC4
:10BB100000EE810AF7EE000A40EE680A94ED000A92
:10BB200094ED031A20EE010A94ED011AD4ED021AE5
:10BB300001EE210A20EE280AFFF77CFCDFED410A26
:10BB400020EE200A84ED060ABDEC0C8B10BD00BF70
:10BB5000286B6E4DCECC4C3D0AD7A33B35FA8E3CBC
:10BB60000AD7A33C01A08C4500C05A450000000044
:10BB70000100204110B52DED088BB0EE408A9FEDFD
:10BB8000370A384CD4ED040A20EE80BAD4ED050A09
:10BB900020EE80AA9FED320A28EE009AF6EE00BA57
:10BBA00029EE2B0AFFF742FCF0EE408A29EE2B0A21
:10BBB000FFF73EFCB0EE409A2AEE2B0AFFF736FC68
:10BBC000F0EE409A2AEE2B0AFFF732FCB0EE40AAC4
:10BBD0002BEE2B0AFFF72AFCF0EE40AA2BEE2B0AE5
:10BBE000FFF726FC6AEEA90A60EEA80A20EE0A1A00
:10BBF00041EE090AC4ED000A60EE290A60EEA80AC7
:10BC00002AEE8A1A41EE490AC4ED010A6AEE8A0A4E
:10BC100060EEA80A20EE291A41EE090AC4ED020AD4
:10BC20006AEEA90A60EE890A20EE0A0A40EE680A66
:10BC3000C4ED030A84ED068ABDEC088B10BD00003C
:10BC4000E02E6542E02E65C2FCED00E055CEACC5AD
:10BC5000B01F00E0041000E0001000E035FA8E3C58
:10BC600035FA8EBCA4C20228B0AD0328B4AD0328B7
:10BC700000002041B8AD032823AE0328287C032808
:10BC800068860328F0AC0328D0A9032888AD0328D0
:10BC900084AD032814AE032816AE032818AE03287B
:10BCA00098AD03281AAE03289CAD03281CAE0328C8
:10BCB000A0AD03281EAE0328A4AD0328A8AD032819
:10BCC000ACAD0328BCAD03283CAD032801004910EE
:10BCD000B1F5FA713B48814207DB40F29110814295
:10BCE00002DB4FF4C87000E008007047B0F57A70CE
:10BCF00000EE100AB8EEC00ADFED300AC0EE200AEE
:10BD0000BFEE000AF4EE400AF1EE10FA0BD49FEDFC
:10BD10002C0AF4EE400AF1EE10FA02DBB7EE000A4C
:10BD200001E0B0EE600A70472748808827490A681A
:10BD300012F1010F02D10860002006E00A6890426B
:10BD400002D00860012000E0002070471E48C08833
:10BD5000C02801D100200BE0B0F5787F01D101208F
:10BD600006E0B0F5E06F01D1022001E05FF0FF30A6
:10BD700070471548008916490A6812F1010F02D16F
:10BD80000860002006E00A68904202D008600120A6
:10BD900000E0002070470C4840890E490A6812F103
:10BDA000010F02D10860002006E00A68904202D02C
:10BDB0000860012000E000207047000000004844B7
:10BDC0000100803F70FEFFFF00AD0328C0C20228C3
:10BDD000C4C20228C8C2022838B5DFF8C0422078A1
:10BDE000002857D02078652801DB642020700020CF
:10BDF00000E0401C01002278C9B2914231D29FED8F
:10BE0000880AA7490200D2B201EBC202D2ED000AB1
:10BE1000F4EE400AF1EE10FA22DADFED820A0200B7
:10BE2000D2B201EBC20292ED001AB4EE601AF1EE4A
:10BE300010FA15D40200D2B201EBC20292ED011A3F
:10BE4000B4EE401AF1EE10FA0ADA0200D2B201EBB7
:10BE5000C20191ED010AB4EE600AF1EE10FAC8D504
:10BE600018E000F0DAFB00F0CFFB8E48217801608B
:10BE70002278D2008A49051D2800FCF7D1FC2278DF
:10BE80005200521C40F20110824203D25E21002077
:10BE900000F092FB31BD10B500F0BFFB5E21002029
:10BEA00000F0CAFA002803D100207F49087016E08C
:10BEB0004FF400725E21002000F039FB79490868D8
:10BEC000652803D300207849087008E0764A10708E
:10BED0001278D200091D754C2000FCF7A1FC10BDA2
:10BEE00038B500F09AFB00F08FFB6E48704C21785B
:10BEF00001602278D2006F49051D2800FCF790FCF4
:10BF000022785200521C5D21002000F055FB31BD0B
:10BF100010B500F082FB5D21002000F08DFA0028B2
:10BF200003D100206449087016E04FF400725D21CF
:10BF3000002000F0FCFA5B490868652803D3002064
:10BF40005D49087008E05C4A10701278D200091D43
:10BF50005A4C2000FCF764FC10BD38B500F05DFBC6
:10BF600000F052FB4F48564C217801602278D200F5
:10BF70005449051D2800FCF753FC22785200521C3E
:10BF80005C21002000F018FB31BD10B500F045FB2E
:10BF90005C21002000F050FA002803D100204A491B
:10BFA000087016E04FF400725C21002000F0BFFA28
:10BFB0003C490868652803D300204349087008E01D
:10BFC000414A10701278D200091D404C2000FCF745
:10BFD00027FC10BD10B500F020FB5A21002000F016
:10BFE0002BFA002803D100203949087016E04FF4DD
:10BFF00000725A21002000F09AFA2A490868652840
:10C0000003D300203249087008E0314A10701278DA
:10C01000D200091D2F4C2000FCF702FC10BD0000CF
:10C0200001401C4600401CC62DE9F04104000D00F3
:10C0300016001F003800C0B2002801D100202AE0FD
:10C04000069801003A00C9B2D2B2914200D207006C
:10C0500000F0E3FA00F0D8FA12483900C9B20160E2
:10C060003A00D2B202FB06F210F104082900404661
:10C07000FCF7D6FBFFB27E43F61CB608761C40F2F6
:10C080000110864201D3002005E03200210000208B
:10C0900000F092FA0120BDE8F081000025AE0328EF
:10C0A000A88C03282874032826AE0328C88F0328E9
:10C0B00027AE03280896032828AE0328E892032811
:10C0C00023AE03286886032824AE03288889032822
:10C0D00029AE0328489C03281AA210EE101A43F236
:10C0E000A40CC3F6896CF2EC060A614509DB00EE8C
:10C0F000803A70EE800A83EE200A40F0020010EED3
:10C10000101A4900D1F1E6410BD860EE000A20EE8A
:10C11000203A03EE010A01EEA02A42EE202A80EE28
:10C12000220A400810F0020F18BFB1EE400A02EBDD
:10C130008002D2ED000A30EE200A28BFB1EE400A9C
:10C1400070470000D7B3DD3F6AD5033F2B94A93D6C
:10C15000B82A593F0000803F000080BF0000000067
:10C16000920A063FDB0FC93F920A863FDB0FC93FA9
:10C17000920A0640DB0F4940368D274080B50A0001
:10C180000821DFF81C321960D2B20100C9B20220C6
:10C19000F8F7CCFB0820DFF80C12086001BD80B571
:10C1A00001000820DFF8F821106051F08001C9B2C9
:10C1B0000220F8F72FFC0821DFF8E8211160C0B257
:10C1C00002BD10B513000822DFF8D44122600A0036
:10C1D00050F080000100C9B20220F8F790FC08205E
:10C1E000DFF8C011086010BD80B50100C9B20120A0
:10C1F000FFF7C4FF01BD70B5002000250026300008
:10C20000461C80B2B0F5807F0ADA0F20FFF7C7FF27
:10C2100004000120F7F7A5FDE4B2702CEFD100E097
:10C2200001252800C0B270BDE0B55F48007806283F
:10C2300010D1062269462820FFF7C3FFBDF8000091
:10C240005A490880BDF8020059490880BDF8040029
:10C250005849088007BDE0B553480078062810D13A
:10C26000062269462220FFF7ACFFBDF800005249C4
:10C270000880BDF8020051490880BDF8040050490B
:10C28000088007BD00007FB5050000244648057002
:10C290000820029002200190022000900223494AC7
:10C2A00000210220F8F721FD0323012201217B2038
:10C2B000F9F7C7FB0A20F7F754FDFFF79CFF0028AA
:10C2C00008D04FF4D773404A40490020F9F732F8BC
:10C2D00001245FE004210120FFF750FF1E20F7F743
:10C2E00040FD44211220FFF749FF02211720FFF7EC
:10C2F00045FF374E3748306004211520FFF73EFFD9
:10C300003548706015211020FFF738FF18211120E3
:10C31000FFF734FF01211620FFF730FF0821182016
:10C32000FFF72CFF2800C0B2062833D080210E2052
:10C33000FFF724FF08211320FFF720FF302163209F
:10C34000FFF71CFFE91C51F01001C9B21020FFF7E4
:10C3500015FFE91C51F01001C9B21120FFF70EFFC3
:10C360008020FFF741FFED0055F043052900C9B2D9
:10C370005E20FFF703FF02210420FFF7FFFE0021EC
:10C380001720FFF7FBFE0020FFF72EFF01213720CB
:10C3900000F086F92000C0B204B070BD00000000BB
:10C3A000840731408807314046AE03281AAE03287F
:10C3B0001CAE03281EAE032814AE032816AE0328B5
:10C3C00018AE0328809698003C390910CC3D09101E
:10C3D0003CAD0328E11280453A92644110EE101AF8
:10C3E0004FF07E5201EE902AC80F31F0004120D06C
:10C3F00000EE101A914212D871EEC00A0D4A31EEC9
:10C40000801A61EE200AF1EEE00A914286BF80F0C8
:10C41000040080EE800A80EE200AFFF75DBE49002E
:10C4200011F1807F9CBF6FF0004100EE101AAFF356
:10C4300000807047F404353F38B50C00602C01D201
:10C44000012000E00020794D36222900C0B2F8F723
:10C4500053FF3722290076480078F8F74DFF012175
:10C46000E40214F1A054200000F006FA002801D1E3
:10C47000012000E00020C0B232BD38B50C00602CB5
:10C4800001D2012000E00020684D46222900C0B200
:10C49000F8F732FF4722290065480078F8F72CFFAB
:10C4A0000121E40214F1A054200000F0A6F931BDEE
:10C4B0002DE9F04107000C0015001E00602C01D290
:10C4C000012000E00020DFF8648174224146C0B200
:10C4D000F8F712FF40F20120864201D2012000E06D
:10C4E000002075224146C0B2F8F706FF7622414689
:10C4F0004F480078F8F700FF21003800FFF79CFF55
:10C50000002803D021003800FFF7B7FFE40214F140
:10C51000A054002707E001222900200000F0F2F9D2
:10C52000241D2D1D7F1CB742F5D3BDE8F08170B5E9
:10C530000D0014000020602D01D2012000E0002039
:10C540003A4E92223100C0B2F8F7D6FE40F20120F6
:10C55000844201D2012000E0002093223100C0B2C9
:10C56000F8F7CAFE9422310031480078F8F7C4FE8B
:10C570005FF0A050ED02AD0800EB8501A2000B00BA
:10C58000012A0EDB13F01F008218BFF34F8F2948DA
:10C5900003602033203A012AF9DABFF34F8FBFF34B
:10C5A0006F8F002005E051F82020234B43F8202016
:10C5B000401CA042F7D370BD70B50C001500602C74
:10C5C00001D2012000E00020184EAB223100C0B2A1
:10C5D000F8F792FE40F20120854201D2012000E0EE
:10C5E0000020AC223100C0B2F8F786FEAD22310047
:10C5F0000F480078F8F780FE0F4A2B00210000203A
:10C60000FFF756FF002070BD10B54FF40071FF22F8
:10C61000094C2000F8F74CFF10BD80B5002000F059
:10C62000CEF801200249087001BD0000183B091036
:10C6300051AE03285CEF00E0287403284269012210
:10C6400012FA01F1416140697047C069C84010F0B9
:10C650000100704770B5040000262100C9B208200F
:10C660002B4D91FBF0F200FB12112000C0B2C01064
:10C67000C0012844FFF7E9FF00280ED02100C9B20D
:10C68000082091FBF0F200FB1211E4B2E410E40187
:10C6900005EB0400FFF7D2FF01263000C0B270BDE9
:10C6A00078B58FB004000D003421002202AE3000B6
:10C6B000F8F7FEFE08200390EDB2059501200690E4
:10C6C0002100C9B2082002AA91FBF0F300FB13116C
:10C6D0000F482300DBB2DB10DB011844F9F765FBE0
:10C6E0002000C0B2C008C0B21630ADF8000007206C
:10C6F000ADF8020001208DF8040003220548E4B2E1
:10C70000E41050F824106846FAF78EFE10B070BDA1
:10C7100000003140E8C20228010009B2002909D412
:10C72000012210F01F018A40DFF8941200B2400984
:10C7300041F820207047020012B2002A05D44901B6
:10C74000DFF8802200B2115408E04901DFF87822B6
:10C7500000B210F00F00104400F8041C7047DFF81E
:10C760006C02016851F0010101600168C907FCD445
:10C7700070479748016851F0010101607047954882
:10C78000016851F00101016070471FB5684600F073
:10C790000BFA00280DD0904C18229049200000F090
:10C7A0009FFA0020E07549208D490860002000F0C4
:10C7B000CFFA01208B490870FFF7D1FF1FBD80B56C
:10C7C000C0B201280ED10321874800F017FA0321D7
:10C7D0000320FFF7B0FF0320FFF79EFF01208349EE
:10C7E000087002E0002081490870FFF7C2FFFFF7E0
:10C7F000C6FF01207B49087001BD7CB504000D0017
:10C800007B48D0E90023CDE900232800C0B20028EE
:10C8100014D17648007801280DD06F4E18226F4948
:10C82000300000F05DFA0020F07594206C4908603B
:10C83000002000F08DFA00206A49087001208DF870
:10C84000040000208DF8050000942A00D2B2694649
:10C85000002000F08AFC00280DD05F4C18225F49B0
:10C86000200000F03DFA0020E0759E205C49086041
:10C87000002000F06DFA73BD7CB505000C002800A7
:10C8800000F078FB00280DD0534E18225349300099
:10C8900000F026FA0020F075B5205149086000200C
:10C8A00000F056FA2000C0B2002814D14F4800789A
:10C8B00001280DD0484E18224849300000F010FAE7
:10C8C0000020F075B92046490860002000F040FAC9
:10C8D0000020444908700095280000F080FB0028E3
:10C8E00001D0202001E04FF4007001902200D2B26C
:10C8F0006946002000F06DFC002801D1012000E015
:10C90000002076BDF8B584B004000D0016002000AC
:10C9100000F030FB00280DD02F4F18222F4938008F
:10C9200000F0DEF90020F875DF202D4908600020B6
:10C9300000F00EFA68461021FAF736FE3000C0B259
:10C94000002814D12948007801280DD0224F182240
:10C950002249380000F0C4F90020F875E62020498B
:10C960000860002000F0F4F900201E490870012042
:10C970008DF8080001208DF8090002208DF80A00CA
:10C9800001208DF80B0000208DF80C00009401951B
:10C990003200D2B26946002000F0A3FA00280DD080
:10C9A0000D4C18220D49200000F09AF90020E07586
:10C9B000F5200B490860002000F0CAF905B0F0BD71
:10C9C00000E100E000E400E018ED00E00800244091
:10C9D00000F4244000F52440F0AB0328443709104C
:10C9E00064AD032820AE03288BC7081021AE0328AE
:10C9F0004842091038B50400082C10D3DFF8B052B3
:10CA00001822DFF8B012280000F06AF90020E8755B
:10CA1000E820DFF8A4120860002000F099F9DFF8A0
:10CA20009C026401204432BDDFF894321B6862F33B
:10CA30001F4361F30F0383607047C0687047DFF8DE
:10CA400084321B6862F31F4361F30F0303600068C5
:10CA50007047C069C00FC0B27047F8B502000D0042
:10CA6000002A01D1052053E0DFF85C120868C0F30A
:10CA70000320002801D1002007E00868C0F303204C
:10CA80000E2801D1012000E00220DFF84012400111
:10CA900001EB00067FF07044DFF8347238001100BB
:10CAA0001022FBF7BDFE38684008400038601021B6
:10CAB000380000F0A9F9DFF81C323A0001213000FB
:10CAC00000F02AFC002804D0012021E0641E002C84
:10CAD00015D03000FFF7BDFF0028F7D1002D08D09A
:10CAE0001021380000F07EF9280039001022FBF7F1
:10CAF00097FE00F041F8012803D1032008E002204E
:10CB000006E000F039F8002801D1002000E0042000
:10CB1000F2BD38B50100002901D105202BE06A4A99
:10CB20001068C0F30320002801D1002007E010683E
:10CB3000C0F303200E2801D1012000E00220634A47
:10CB4000400102EB0004624D28001022FBF768FE52
:10CB500028684008400028601021280000F054F99F
:10CB60005C4B2A000121200000F0D6FB002801D0F8
:10CB7000012000E0002032BD10B5554C10212000EE
:10CB800000F030F9206810F07040B0F1204F01D172
:10CB9000002008E0206810F07040B0F1704F01D123
:10CBA000012000E0022010BD38B50400FFF7E4FFCB
:10CBB00005002800C0B2022802D17FF070400DE0CD
:10CBC000002C04D0200042491022FBF729FEEDB2D0
:10CBD000002D01D1002001E03D48006832BD10F079
:10CBE0007041B1F1204F01D1002006E010F07041FA
:10CBF000B1F1704F01D07FF0704070473EB5364ABA
:10CC0000D2E90045CDE90045ADF80210334908608E
:10CC10006846FAF757FE0FF24101BDF90000FAF736
:10CC200090FE0220FFF7E6FE274A1168C1F30321B8
:10CC3000002901D1002107E01168C1F303210E2969
:10CC400001D1012100E002210022012313FA01F1A8
:10CC5000FFF7EAFE37BD000038B500200220FFF7DD
:10CC6000C9FE04002000FFF7E8FE05001649086829
:10CC7000C0F30320002801D1002007E00868C0F3BA
:10CC800003200E2801D1012000E002202900C1402C
:10CC9000C80705D511490868002801D008688047F1
:10CCA0002A00120CADB229002000FFF7C8FE31BDEA
:10CCB000F0AB03289C37091064AD03280010224014
:10CCC0005C4309106043091000002040000022402E
:10CCD000E0AC032860AD0328504209105CAD032886
:10CCE00001B58B071AD1830724D1121F21D351F824
:10CCF000043BA3F1013C2CEA030C1CF0803C04BF74
:10CD000040F8043BF1E79CFA8CFCBCFA8CF1C1F1D1
:10CD100018018B40CB4040F8043B13E0042A09D3B0
:10CD200011F8013B521E00F8013B5BB18B07F7D1B4
:10CD3000D9E7121D5AB111F8013B521E00F8013B10
:10CD400003B1F8D111001CBF0022F8F7B5FB01BDFB
:10CD500001BEFEE780B5354A35490B6893423ED0A7
:10CD60000A60344A12684A62334A8A6202684A6038
:10CD700042688A608268CA60C2680A6102694A6160
:10CD800042698A618269CA61C2690A62F1EE102A47
:10CD900012F0900F23D0294A8A62026ACA62426A5C
:10CDA0000A63826A4A63C26A8A63026BCA63426B1D
:10CDB0000A64826B4A64C26B8A64026CCA64426C05
:10CDC0000A65826C4A65C26C8A65026DCA65426DED
:10CDD0000A66826D4A66C26D8A66006EC86600F099
:10CDE000B9FA01BD01290EDB10F01F025118BFF383
:10CDF0004F8F134A1060203020390129F9DABFF330
:10CE00004F8FBFF36F8F704701290EDB10F01F02A9
:10CE10005118BFF34F8F0B4A106020302039012981
:10CE2000F9DABFF34F8FBFF36F8F7047FAF9F8F756
:10CE3000A4A8032828ED00E0A4A3A2A1ABAAA9A856
:10CE40005CEF00E068EF00E0DFF83C040068400BB6
:10CE500010F001007047DFF830040068000B10F09C
:10CE600001007047DFF82404016851F001010160FE
:10CE70000168C907FCD470471FB50400C9B2012975
:10CE800024D168461021FAF78FFB69462000FFF78E
:10CE9000E4FD0100C9B2012902D1DFF8F4031EE06C
:10CEA0000100C9B2022902D1DFF8E80317E0C0B2DD
:10CEB000042802D1DFF8E00311E0009800F0F6F852
:10CEC00000280CD1FFF7CEFF002008E02000FFF77C
:10CED00020FE002802D0DFF8B80300E0002004B0F4
:10CEE00010BD38B584B00C001500002C02D1DFF85D
:10CEF000AC033DE0206800F0C7F8012802D060686C
:10CF0000002802D1DFF8940332E068461021FAF7D6
:10CF10004BFB0620009960F31F610091207A009975
:10CF200060F30F210091607A009960F3174100913E
:10CF3000E07A019960F30F210191A07A019960F3E1
:10CF400007010191207B019960F31F610191206825
:10CF5000029060680390DFF84803A17A30F811105E
:10CF60006068FFF751FF2900C9B26846FFF784FFE8
:10CF700005B030BD10B50400FFF766FF00280ED1E4
:10CF800014F16C40B0F5403F01D2002026E0DFF8FC
:10CF900014030419B4F5803F1FD200201EE014F1E1
:10CFA0006C40B0F5C03F01D2002017E0DFF8F80276
:10CFB0000019B0F5004F01D200200FE014F16B40D2
:10CFC000B0F5C03F01D2002008E0DFF8E00204190C
:10CFD000B4F5004F01D2002000E0012010BD10B5D3
:10CFE0000400FFF731FF002807D1DFF8B802041969
:10CFF000B4F5803F11D2012010E0DFF8AC02001937
:10D00000B0F5004F01D2012008E0DFF8A0020419BA
:10D01000B4F5004F01D2012000E0002010BD10B592
:10D020000400FFF718FF00280ED114F17040B0F58E
:10D030007C1F01D2002026E0DFF874020419B4F549
:10D04000003F1FD200201EE014F17040B0F5FC1F1D
:10D0500001D2002017E0DFF85C020019B0F5803F34
:10D0600001D200200FE014F16E40B0F5FC1F01D298
:10D07000002008E0DFF840020419B4F5803F01D237
:10D08000002000E0012010BD10B504002000FFF7D3
:10D0900071FF002801D1002007E02000FFF7BFFF4B
:10D0A000002801D1002000E0012010BD80B5FFF76D
:10D0B00096FD002801D1002056E07FF070418842A3
:10D0C00002D1DFF8D4014FE0DFF8F011401A1CD094
:10D0D000801E1DD0401E1ED0401E1FD0401E20D0DE
:10D0E000001F21D0873822D0401E23D0123824D0F0
:10D0F000401E25D0401E26D0801E27D0801E28D05E
:10D10000083829D009382AD02CE05FF4A4002BE09D
:10D11000DFF8AC0128E0DFF8AC0125E0DFF8A8017A
:10D1200022E0DFF86C011FE0DFF8A0011CE0DFF86F
:10D13000A00119E0DFF89C0116E0DFF89C0113E084
:10D14000DFF8980110E0DFF898010DE0DFF89401B6
:10D150000AE0DFF8940107E0DFF8900104E0DFF86F
:10D16000900101E0DFF8300102BD38B584B00C0059
:10D170001500002C02D1DFF8240128E02068FFF719
:10D1800083FF012802D1DFF8140120E0207810F09D
:10D19000030F02D0DFF8040119E068461021FAF706
:10D1A00003FA1420009960F31F610091207900991F
:10D1B00060F30F2100916079009960F317410091AD
:10D1C000206801902900C9B26846FFF755FE05B0F6
:10D1D00030BD38B588B00C001500002C01D12F48A7
:10D1E0004FE06068002801D12C484AE02068FFF732
:10D1F000C1FE012808D02068616810EB8100401E44
:10D20000FFF7B8FE012801D124483AE06846102112
:10D21000FAF7CAF92A20009960F31F61009120688B
:10D2200001906068401E80B20299090C090408430D
:10D230000290EDB2012D1CD104A81021FAF7B4F927
:10D2400004A96846FFF709FC0100C9B2012901D110
:10D250000F4816E00100C9B2022901D10D4810E0C3
:10D26000C0B2042801D10C480BE00498FFF71EFF60
:10D2700007E06846FFF74DFC002801D0044800E0B5
:10D28000002009B030BD0000000024400800244008
:10D290000400520010005200FF0052000F00520024
:10D2A000803E09100000FDEB0080FEEB0080FEEAEE
:10D2B0000000C1EF0080E0EF0080E0ED010000F031
:10D2C000010052000200520003005200050052000B
:10D2D00006005200070052000800520009005200E8
:10D2E0000A0052000B0052000C0052000D005200C8
:10D2F0000E005200154A126861F30F0282607047F7
:10D30000C1607047016170470068C00F002801D1FB
:10D310000F4800E000207047F8B504000D0016002B
:10D320001F002000FFF7F0FF00280DD13100200082
:10D33000FFF7E6FF39002000FFF7E4FF2900200097
:10D34000FFF7D8FF002000E00148F2BD204309109C
:10D3500001008A00FEE7000080B5032300220121BE
:10D360009820F8F76EFB012301220021A020F8F796
:10D3700068FB012301220021A120F8F762FB0123B1
:10D3800001220021A220F8F75CFB012301220021E9
:10D39000A320F8F756FB012301220021AD20F8F766
:10D3A00050FB012301220021AE20F8F74AFB01BD0A
:10D3B00080B5A020F8F70DFB002801D1012015E071
:10D3C000A120F8F706FB002801D102200EE0A220E0
:10D3D000F8F7FFFA002801D1032007E0A320F8F7AF
:10D3E000F8FA002801D1042000E0002002BD00006E
:10D3F0007CB5DFF8A859DFF8A86930782870FFF706
:10D40000D7FF3070DFF89C49317832782878424075
:10D41000114021702078002800F0BF84F5F7A8FCA7
:10D420002078012840F07681DFF87C090178012915
:10D430000CD1DFF878090178491C017001780629C0
:10D44000C0F2AB840121017000F0A7BC0178022971
:10D4500049D1DFF85C090178491C0170DFF84C19EB
:10D460000A78012A07D101780929C0F2968401219E
:10D47000017000F092BC0A78022A07D101780629CF
:10D48000C0F28B840121017000F087BC0A78032A66
:10D4900007D101780929C0F280840121017000F0D0
:10D4A0007CBC0A78042A07D101780729C0F2758468
:10D4B0000121017000F071BC0A78042A07D10178BB
:10D4C0000729C0F26A840121017000F066BC097866
:10D4D000052940F0628401780229C0F25E840121AE
:10D4E000017000F05ABC0078032840F05684DFF841
:10D4F000BC08017802295CD1DFF8B4080178012961
:10D500000FD1DFF8B00890ED000AB7EEC00A9FED2A
:10D51000C02B30EE020BB7EEC00B80ED000A00F01E
:10D520003CBC017802290BD1DFF88C0890ED000A91
:10D53000F2EE040A30EE200A80ED000A00F02DBC65
:10D54000017803290FD1DFF8740890ED000AB7EED7
:10D55000C00A9FEDC32B30EE020BB7EEC00B80ED7F
:10D56000000A00F01ABC017804290FD1DFF84C083A
:10D5700090ED010AB7EEC00A9FEDC52B30EE020B0D
:10D58000B7EEC00B80ED010A00F007BC007805285B
:10D5900040F00384DFF8240890ED020AB7EEC00AD9
:10D5A0009FEDBD2B30EE020BB7EEC00B80ED020AF3
:10D5B000F3E30178032911D1DFF8F4070178022998
:10D5C00006D00178042903D00078062840F0E583CE
:10D5D000DFF8EC070178491C0170DEE300780428CD
:10D5E00040F0DB83DFF8DC070078012872D1DFF838
:10D5F000D8070078002836D1DFF8B407017806296B
:10D6000016D1DFF8C807DFF8C817027801EBC202AD
:10D6100092ED000AB7EEC00A9FEDA12B30EE020B8F
:10D62000B7EEC00B007801EBC00080ED000AB4E358
:10D630000078022840F0B183DFF89817DFF88C07F4
:10D64000027801EBC20292ED000AB7EEC00A9FED2C
:10D65000942B30EE020BB7EEC00B007801EBC0004C
:10D6600080ED000A99E3DFF848070178062916D112
:10D67000DFF85807DFF85817027801EBC20200788C
:10D6800001EBC00090ED010AB7EEC00A9FED842BBC
:10D6900030EE020BB7EEC00B82ED010A7DE300789D
:10D6A000022840F07A83DFF82C17DFF82007027891
:10D6B00001EBC202007801EBC00090ED010AB7EE69
:10D6C000C00A9FED772B30EE020BB7EEC00B82ED58
:10D6D000010A62E3DFF8F4160878401C0870DFF8EE
:10D6E000D0060278022A07D10A78DFF8EC361B78D8
:10D6F0009A4201D300220A700078062840F04D8338
:10D700000878DFF8D82612789042C0F046830020CF
:10D71000087042E32078022840F0B481DFF88806E0
:10D72000017801290BD1DFF884160878401E0870B3
:10D730000878002840F03183052008702DE3017837
:10D74000022939D1DFF868160878401E0870DFF822
:10D750005C060278012A06D10878002840F01D8373
:10D760000820087019E30278022A06D108780028F8
:10D7700040F01383052008700FE30278032A06D1D6
:10D780000878002840F009830820087005E3027833
:10D79000042A06D10878002840F0FF82062008708D
:10D7A000FBE20078052840F0F8820878002840F075
:10D7B000F48201200870F0E20078032840F0ED8246
:10D7C000DFF8E805017802296ED1DFF8E405017879
:10D7D00001290ED1DFF8DC0590ED000AB7EEC00A92
:10D7E0009FEDA42B30EE020BB7EEC00B80ED000ACC
:10D7F000D3E2017802290FD1DFF8BC0590ED000AD1
:10D80000FAEE040A30EE200A80ED000AC5E200BFFD
:10D810009A9999999999A93F017803290ED1DFF82E
:10D820009C0590ED000AB7EEC00A9FEDBE2B30EECE
:10D83000020BB7EEC00B80ED000AAEE201780429BE
:10D8400012D1DFF8780590ED010AB7EEC00A9FED1E
:10D85000B72B30EE020BB7EEC00B80ED010A9CE255
:10D86000FCA9F1D24D62603F0078052840F0958216
:10D87000DFF8480590ED020AB7EEC00A9FEDAD2B28
:10D8800030EE020BB7EEC00B80ED020A85E200BF5E
:10D890002D431CEBE2361A3FFCA9F1D24D62503FFA
:10D8A000B81E85EB51B89E3F0178032917D1DFF8E8
:10D8B00000050178022906D00178042903D00078F8
:10D8C000062840F06A82DFF8F8040178491E0170EA
:10D8D0000178022980F26182012101705DE2007805
:10D8E000042840F05A82DFF8DC040078012840F078
:10D8F000A780DFF8D4040078002850D1DFF8B00406
:10D900000178062916D1DFF8C404DFF8C4140278C0
:10D9100001EBC20292ED000AB7EEC00A9FEDBB2BED
:10D9200030EE020BB7EEC00B007801EBC00080EDCB
:10D93000000A32E20178022916D1DFF89814DFF8E4
:10D940008C04027801EBC20292ED000AB7EEC00A25
:10D950009FEDAE2B30EE020BB7EEC00B007801EB63
:10D96000C00080ED000A18E20078042840F015821B
:10D97000DFF86C14DFF85404027801EBC20292ED78
:10D98000000AB7EEC00A9FEDA12B30EE020BB7EEF6
:10D99000C00B007801EBC00080ED000AFDE1DFF86C
:10D9A00010040178062916D1DFF82004DFF82014CE
:10D9B000027801EBC202007801EBC00090ED010A91
:10D9C000B7EEC00A9FED912B30EE020BB7EEC00B05
:10D9D00082ED010AE1E10178022916D1DFF8F413A2
:10D9E000DFF8E803027801EBC202007801EBC00027
:10D9F00090ED010AB7EEC00A9FED842B30EE020BCA
:10DA0000B7EEC00B82ED010AC7E10078042840F0B0
:10DA1000C481DFF8CC13DFF8B403027801EBC20253
:10DA2000007801EBC00090ED010AB7EEC00A9FED4F
:10DA3000772B30EE020BB7EEC00B82ED010AACE1A2
:10DA4000DFF888130878002818D1DFF8640302781B
:10DA5000062A04D1DFF884231278521E0A70007857
:10DA6000022840F09A81DFF870030078401E0870A9
:10DA700093E100BF9A9999999999A9BF0878401E96
:10DA800008708AE12078032840F02681DFF81843E7
:10DA90002078012817D1DFF814030178052905D172
:10DAA0000220F5F7A3F9F5F7BBFE06E000780128A0
:10DAB00003D10220DFF82C1308700220207001200F
:10DAC000BB49087069E12078032840F0FC80B74822
:10DAD0000178032940F0E180B5480178022952D14C
:10DAE000B7490A78521EC04803789A4226DB02786A
:10DAF000642A45DABD4ABE4B04782401144493EDF0
:10DB0000060B84ED000B04782401224493ED080BEE
:10DB100082ED020B0278521C02700078401C0870E3
:10DB20002EE000BFFCA9F1D24D6260BF2D431CEB7B
:10DB3000E2361ABFFCA9F1D24D6250BF0AE0AB49F0
:10DB400013010B44103393EC040B1301194481ECC3
:10DB5000040B521C0178491E8A42F0DBA34902786B
:10DB600012010A440024002542E90445027812010A
:10DB700011440022002341E902230178491E01706B
:10DB8000FDF7CCFC09E10178042943D18C490A78DE
:10DB9000521E984803789A4216DB0278642A80F273
:10DBA000FC80954A0378954C246842F8334003780A
:10DBB00002EBC302924B1B6853600278521C027046
:10DBC0000078401C0870E8E00AE08B4901EBC203D2
:10DBD000083393EC020A01EBC20181EC020A521CE9
:10DBE0000178491E8A42F0DB8349027801EBC202C8
:10DBF000002342F8083C027801EBC201002241F800
:10DC0000042C0178491E0170C7E000BFB81E85EBE7
:10DC100051B89EBF0078062840F0BF8068490A7856
:10DC2000521E784803789A4216DB0278642A80F202
:10DC3000B480754A0378714C246842F83340037805
:10DC400002EBC3026E4B1B6853600278521C0270D9
:10DC50000078401C0870A0E00AE06B4901EBC203A9
:10DC6000083393EC020A01EBC20181EC020A521C58
:10DC70000178491E8A42F0DB6349027801EBC20257
:10DC8000002342F8083C027801EBC201002241F86F
:10DC9000042C0178491E01707FE0007804287CD1B3
:10DCA00048490878012808D1474A1078002802D14D
:10DCB0000120107001E000201070087800286CD15D
:10DCC0000120087069E02078022866D103202070C6
:10DCD00001203B49087060E0207804285DD1324C77
:10DCE0002078022815D131480178052905D1002076
:10DCF000F5F77CF8F5F794FD05E00078012802D1EE
:10DD00000020384908700120207000202849087040
:10DD100043E02078032840D1244D2878042813D1EB
:10DD20002848017801290FD100210170204800788E
:10DD3000062808D164200090284803780822244946
:10DD40005A20FEF771F928E02878032805D11848F1
:10DD50000078042801D1FEF73FF82878032805D180
:10DD600013480078062801D1FEF7BAF8287803286E
:10DD700008D10F480178022902D00078032801D188
:10DD8000FEF7EBF80220207000200D49087028787B
:10DD9000012802D100201349087073BD33AE032857
:10DDA00032AE032834AE0328E5C30228E4C30228B8
:10DDB00035AE0328E0AA032800AB032820AB0328D4
:10DDC00036AE032838AE032839AE032837AE032811
:10DDD000489C0328C88F032826AE032829AE0328B1
:10DDE000E892032830AE032823AE0328287C0328BA
:10DDF000D0A9032825AE0328A88C032878AD0328D2
:10DE00007CAD032827AE032808960328DFF8C41149
:10DE10000868C0F34000002801D0022002E0086832
:10DE200010F001007047DFF8B001006810F0010049
:10DE300070470000C21E022A01D3012002E0C01E6A
:10DE40000860002070471CB5FF246946FFF7F2FF09
:10DE5000C0B2002802D02000C0B207E0DFF8FC0109
:10DE6000009950F8210010F00100C0B216BD00006A
:10DE7000002801D0032801D3012002E0401E0860E1
:10DE8000002070471CB5FF246946FFF7F1FFC0B2C0
:10DE9000002802D02000C0B208E0DFF8C4010099D9
:10DEA00009010844C06810F00100C0B216BD0000AE
:10DEB000DFF8BC010068800810F00100704738B539
:10DEC00004002000C0B2082811D3DFF898511822AE
:10DED000DFF894112800FEF703FF0020E87540F6F4
:10DEE0005B00DFF8881108600020FEF731FFDFF8E3
:10DEF000CC112000C0B251F82000C0F3002000284F
:10DF000005D0E4B251F8240010F00F0000E0FF202B
:10DF100032BD38B504002000C0B2082811D3DFF8A4
:10DF200044511822DFF840112800FEF7D9FE0020E6
:10DF3000E8754FF40960DFF8341108600020FEF73F
:10DF400007FFDFF87801E4B250F82400C0F30110B5
:10DF5000C0B232BDDFF868211368C3F30723036042
:10DF60001068C0F3C40008607047DFF858211368D8
:10DF7000C3F3072303601068C0F3C4000860704750
:10DF800038B50400072C11D3DFF8D8501822DFF879
:10DF9000C4112800FEF7A4FE0020E8754FF4CE70EF
:10DFA000DFF8C81008600020FEF7D2FEDFF8A001FD
:10DFB00050F8240010F00700010009B2042907D12D
:10DFC000DFF8880150F8240010F01F0050F4807032
:10DFD00000B232BD2415264040152640DFF8B012AD
:10DFE00009688A03920B0260090E11F00101C171E8
:10DFF000DFF8A01209680A00D204D20C82800A005D
:10E00000120C02F0FF020281090C01F0FF014181B4
:10E01000DFF84411096811F00F0202730A00C2F31D
:10E02000031242730A00120AD204D20CC281090FF1
:10E0300011F003010174DFF8641309680A00120A81
:10E0400012F0070282710A00120CD205D20D428230
:10E05000890F11F00101017570470000401626403C
:10E0600000192640F0AB03288C36091064AD032854
:10E07000100027401CB50C006946FFF7DBFE0100CD
:10E08000C9B2002901D0C0B217E0DFF8B40400998A
:10E0900050F8210010F07F012160C0F3042161607D
:10E0A000C0F30441A1600100090F11F00301617385
:10E0B000C00E10F001002073002016BD4012264053
:10E0C00008002040080420401CB50C006946FFF7FA
:10E0D000CFFE0100C9B2002901D0C0B235E0DFF89F
:10E0E000101500980001085800F0FF022260C0F3EC
:10E0F00004226260C0F30442A260000F10F003002B
:10E10000207300980001084442681000C00F60733B
:10E11000C2F30270002801D0012000E00020A073AB
:10E1200022F07F42226100980001084480680100CB
:10E13000C90F21750100090E11F001016175A0756B
:10E14000000C10F00700E075002016BD000126400D
:10E1500000122640E83609103815264080B5010027
:10E16000DFF868051822FAF76BFB0120DFF860156D
:10E170000870002002BDDFF85C150968C90F00298E
:10E1800008D0DFF84C150978002907D1002101607B
:10E1900003207047002101600320FAE7DFF82C1507
:10E1A000096801600020F4E710B50400FFF72EFEB7
:10E1B000002803D10020206003200DE0DFF81005C7
:10E1C0000078002805D0DFF8040580682060002072
:10E1D00002E000202060032010BD0000DFF8F014F2
:10E1E0000978002905D0DFF8E414496801600020AF
:10E1F00002E00021016003207047DFF8DC140968A9
:10E20000C90F002908D0DFF8C8140978002907D100
:10E210000021016003207047002101600320FAE71C
:10E22000DFF8A814C96801600020F4E7DFF8AC1437
:10E230000968C90F002908D0DFF89414097800296B
:10E2400007D10021016003207047002101600320F5
:10E25000FAE7DFF87814096901600020F4E710B5E7
:10E260000400FFF725FE002803D1002020600320D2
:10E270000DE0DFF85C040078002805D0DFF84C04DE
:10E2800040692060002002E000202060032010BDD3
:10E29000301526403415264010B50C00C0B2FFF7EB
:10E2A0006FFE00280ED0012810D0022812D0B0F541
:10E2B000887F13D040F21111884213D0B0F58A7FC5
:10E2C00014D017E02000FFF756FF16E02000FFF7FC
:10E2D00085FF12E02000FFF767FF0EE02000FFF748
:10E2E0008CFF0AE02000FFF7BAFF06E02000FFF7EE
:10E2F0009DFF02E000202060032010BD80B50100DA
:10E300000020FFF7C9FF02BD80B50322D2B28242CE
:10E3100003D200200860012003E0401CC0B2FFF7D8
:10E32000BBFF02BD18B587B004006846FFF7E6FFE3
:10E330000100C9B2002903D000212160C0B22BE046
:10E3400001A8FFF74BFE9DF81400022803D10098A6
:10E350002060002020E0DFF888030068C00F00285C
:10E3600008D0FFF760FDC0B2002807D10020206070
:10E37000032011E00098206000200DE00099019832
:10E380004143BDF80800B1FBF0F09DF80B10491CAB
:10E39000B0FBF1F02060002008B010BD3C15264015
:10E3A000F0B58BB005000C0069462800C0B2FFF73D
:10E3B000ABFF0100C9B2002903D000212160C0B227
:10E3C000BCE02800C0B202284CD307A92800C0B284
:10E3D000401CFFF74FFEC0B2002811D0DFF80463E5
:10E3E0001822DFF804133000FEF77AFC0020F075E5
:10E3F00040F66310DFF8F41208600020FEF7A8FC76
:10E400004F482900C9B200EB810050F8080CC00F3A
:10E41000002807D09DF82900022807D10098206025
:10E4200000208BE000982060002087E0EDB26D1C9A
:10E430002800FFF708FD0100C9B2002902D0C0B2D0
:10E44000FF2803D100202060032077E0009907987F
:10E4500041430898B1FBF0F00999B0FBF1F020605E
:10E4600000206BE001A92800C0B2401CFFF72CFE81
:10E47000C0B2002811D0DFF86C621822DFF86812F1
:10E480003000FEF72DFC0020F07540F67F10DFF81D
:10E490005C1208600020FEF75BFC55482900C9B2F9
:10E4A00009014058C00F002807D09DF8100002282D
:10E4B00007D100982060002040E0009820600020F4
:10E4C0003CE0EDB26D1C2800FFF7DCFC0100C9B296
:10E4D000002902D0C0B2FF2803D100202060032011
:10E4E0002CE09DF8110001281DD1009A0023019E07
:10E4F00000273F0647EA16273606059800213618FA
:10E500004F41A6FB020106FB031107FB0211029A11
:10E51000039BA3FB0223FBF79BFA000E40EA0120BA
:10E52000090E206009E00099019841430298B1FB6F
:10E53000F0F00399B0FBF1F0206000200BB0F0BDCB
:10E540000016264010B50323421E0400E4B2002C3E
:10E5500003D10800FFF7E6FE0CE01400DBB2E4B2E2
:10E56000A34204D31000C0B2FFF71AFF02E0C0B20A
:10E57000FFF792FE10BD38B505000C002800C0B2B0
:10E58000FFF79DFC0100C9B2FF2904D12000FFF76D
:10E59000F2FDC0B21BE06946C0B2FFF7D3FF010035
:10E5A000C9B2002903D000212160C0B20FE02800C9
:10E5B000C0B2FFF7AEFCC0B2002805D002280BD0D5
:10E5C00006D303280CD00FE000982060002032BD55
:10E5D000009840082060F9E7009880082060F5E77F
:10E5E0000098C0082060F1E7002020600320EEE7DB
:10E5F000001926401FB5040002A90120FFF7BBFF48
:10E600000100C9B2002903D000212160C0B21AE084
:10E61000694601A8FFF79EFC01980021421C71F198
:10E62000FF335B0143EAD2635201009800211218C4
:10E630004B4102980021490141EAD0614001FBF7BA
:10E6400007FA2060002004B010BD1FB5040002A925
:10E650000120FFF790FF0100C9B2002903D000217B
:10E660002160C0B21AE0694601A8FFF77EFC01985C
:10E670000021421C71F1FF335B0143EAD263520176
:10E680000098002112184B4102980021490141EAEB
:10E69000D0614001FBF7DCF92060002004B010BD20
:10E6A00080B5DFF84C100A68C2F303220E2A07D0A7
:10E6B0000968C1F303210D2905D1FFF7C6FF02BD8B
:10E6C000FFF798FFFBE70120F9E70000D8AB03282C
:10E6D00022AE032818152640081526400C152640A2
:10E6E00030152640F0AB0328E836091064AD032846
:10E6F0000000204070B504000D00DFF89C682A007F
:10E7000092B2120AD2B22100C9B2300000F0B4FEB7
:10E710002A00D2B2F021300000F0AEFE70BD2DE92B
:10E72000F04704000D00012600275FF000085FF0AD
:10E730000A09484640B2002836D0484640B2052172
:10E7400090FBF1F201FB1200002810D1DFF848A87D
:10E750002A0092B2120AD2B22100C9B2504600F089
:10E760008BFE2A00D2B2F021504600F085FEDFF881
:10E7700028A82100C9B2504600F0A6FE0700F021EB
:10E78000504600F0A1FE8046280080B23900C9B290
:10E790004246D2B252EA0122904202D10020060043
:10E7A00002E0B9F10109C4E7300040B2BDE8F087EA
:10E7B00070B50400DFF8E0672100C9B2300000F056
:10E7C00083FE0500F021300000F07EFEEDB2C0B205
:10E7D00050EA052080B270BDF8B50400002500267F
:10E7E0000127DFF8B4075C210172E168C16021688C
:10E7F0000160616841600020FFF7DAFF0600300029
:10E8000041F2243180B288420BD0300041F2113104
:10E8100080B2884205D0300041F2133180B2884284
:10E8200002D10020070004E06D1C2800C0B21528AA
:10E83000E1DB3800C0B2F2BD2DE9F14F8AB05FF0E4
:10E84000000A00240020ADF8200000250020ADF8CB
:10E8500006000020ADF81E000020ADF81C000026C8
:10E860005FF0000800270A98C088ADF808000A98F1
:10E870004089ADF80A000A98C089ADF80C000A98E2
:10E88000408AADF80E000A98C08AADF810000A98C8
:10E89000408BADF812000A98C08BADF814000A98AE
:10E8A000408CADF816000A98C08CADF81A004BF6F3
:10E8B000EF61FE20FFF71EFF03210C20FFF71AFF78
:10E8C0000020FFF775FF070041F224393800494660
:10E8D00080B288420BD0380041F2113180B28842B8
:10E8E00005D0380041F2133180B2884200D109E0EE
:10E8F00018F101084046C0B2142802DB01200600CE
:10E9000000E0DDE73000C0B2002840F00C83BDF825
:10E910001000792807DABDF810008000ADF8060075
:10E920005AF0020A15E0BDF81000F12807DABDF828
:10E9300010004000ADF806005AF0010A09E0BDF8E9
:10E94000100040F2E111884203DABDF81000ADF882
:10E950000600BDF80E00BD2806DABDF80E008000E6
:10E9600005005AF0080A15E0BDF80E0040F27911D2
:10E97000884206DABDF80E00400005005AF0040A8D
:10E9800008E0BDF80E0040F2F121884202DABDF83D
:10E990000E000500DFF804B640F24E31280080B2C8
:10E9A000091ACBF800103800494680B288427AD163
:10E9B00048F288310720FFF7B2FE80190600DFF821
:10E9C000E015BDF81020921C2B009BB2DBF8000074
:10E9D000C3185A43121D91FBF2F00400200080B2CC
:10E9E00040F2F511884202DB4FF4FA700400200077
:10E9F000BDF80C1080B2884201D2ADF80C40DFF8AF
:10EA0000A415DFF89C05BDF80C2090FBF2F2121F54
:10EA10002B009BB2DBF80000C31892FBF3F2BDF8A9
:10EA20001000121A0A6047F621600A68824202DA70
:10EA30000A68022A0EDA0A68022A02DA022008604C
:10EA400008E00A68824203DB47F62060086001E0C4
:10EA500008680860DFF84805BDF80C2090FBF2F26A
:10EA6000121F0968BDF81000411892FBF1F128004F
:10EA700080B2091ACBF80010DBF800003D2803DA59
:10EA80003D20CBF8000081E0DBF80000B0F5806F9E
:10EA900004DB40F2FF30CBF8000077E0DBF8000049
:10EAA000CBF8000072E0DFF8F814BDF81020121D5A
:10EAB0002B009BB2DBF80000C3185A43121D91FBD8
:10EAC000F2F00400200080B240F2F511884202DB2F
:10EAD0004FF4FA7004002000BDF80C1080B2884298
:10EAE00001D2ADF80C40DFF8BC14DFF8B404BDF877
:10EAF0000C2090FBF2F2121F2B009BB2DBF80000FF
:10EB0000C31892FBF3F2BDF81000121A0A6040F627
:10EB1000B9300A68824202DA0A68042A0EDA0A6800
:10EB2000042A02DA0420086008E00A68824203DB53
:10EB300040F6B830086001E008680860DFF860045B
:10EB4000BDF80C2090FBF2F2121F0968BDF810000E
:10EB5000411892FBF1F1280080B2091ACBF800109D
:10EB6000DBF800002B2803DA2B20CBF800000DE0A7
:10EB7000DBF80000B0F5806F04DB40F2FF30CBF82B
:10EB8000000003E0DBF80000CBF80000DFF814041D
:10EB90000168BDF810004118891EBDF80A008142C5
:10EBA00008DADFF800040168BDF810004118881E7B
:10EBB000ADF80A00280080B2D0F53C70022190FB2D
:10EBC000F1F0BDF91210020012B2D14203DA0100D5
:10EBD00009B2494209E00100BDF9122009B291428F
:10EBE00001DA010001E0BDF91210ADF81210401C6D
:10EBF000BDF91210411AADF81E10BDF80610D1F57E
:10EC0000F071022291FBF2F1BDF914200B001BB24E
:10EC1000DA4203DA080000B2404209E00800BDF918
:10EC2000142000B2904201DA080001E0BDF914009E
:10EC3000ADF81400091DADF82010BDF92010BDF984
:10EC400014004118ADF81C1001211B20FFF767FDCF
:10EC500080198DF804009DF804000090BDF81E1086
:10EC60000120FFF75CFD009940188DF804009DF825
:10EC700004000090BDF81C100220FFF750FD009921
:10EC800040188DF804009DF804000090BDF80610AF
:10EC90000320FFF744FD009940188DF804009DF80B
:10ECA00004000090290089B20420FFF738FD009984
:10ECB00040188DF804009DF804000090DBF8000077
:10ECC000010089B20520FFF72AFD009940188DF850
:10ECD00004009DF804B0B3480068010089B2062022
:10ECE000FFF71DFD10EB0B0B8DF804B09DF804B081
:10ECF0004FF4B2710A20FFF712FD10EB0B0B8DF8E9
:10ED000004B09DF804B040F2BB110820FFF707FDE6
:10ED100010EB0B0B8DF804B09DF804B040F2D91144
:10ED20000920FFF7FCFC10EB0B0BBDF808000028D6
:10ED300007D1BDF80A100B20FFF7F1FC10EB0B0018
:10ED400083465AF44C7189B20D20FFF7E8FC10EBB2
:10ED50000B008DF804009DF8046027213120FFF797
:10ED6000DEFC86198DF804609DF804601A213220BB
:10ED7000FFF7D5FC86198DF804609DF80460052125
:10ED80003320FFF7CCFC8619BDF816103520FFF7AD
:10ED9000C6FC80198DF80400380080B2484529D19E
:10EDA000504680B2042801DB012100E000219DF8DB
:10EDB0000460C9B2090189B27220FFF7B0FC86195C
:10EDC0008DF804609DF8049040F201110F20FFF7C8
:10EDD000A6FC10EB090981214720FFF7A0FC834620
:10EDE0001BEB090BEC214820FFF799FC060016EB02
:10EDF0000B0615E09DF8049011210F20FFF78FFC02
:10EE000010EB090981214720FFF789FC83461BEBA2
:10EE1000090BE7214820FFF782FC060016EB0B06E2
:10EE20004FF462710720FFF77AFC80198DF8040017
:10EE30009DF804B040F203311C20FFF770FC10EB8A
:10EE40000B0B03212C20FFF76AFC814619EB0B0901
:10EE5000BDF80800002807D10021AF20FFF75FFCB4
:10EE6000060016EB09064DE0BDF80810A520FFF7D7
:10EE700056FC060016EB09060221A620FFF74FFC00
:10EE800083461BEB060B0221A820FFF748FC10EB82
:10EE90000B008DF80400BDF80E10BDF810004143C2
:10EEA000042091FBF0F0B0F5803F08DABDF80E10B9
:10EEB000BDF810004143042091FBF0F101E04FF652
:10EEC000FF719DF8046089B2B020FFF728FC861915
:10EED0008DF804609DF804901421AE20FFF71FFC0C
:10EEE00010EB090940F20111AF20FFF718FC83462F
:10EEF0001BEB090BBDF80A10AD20FFF710FC060054
:10EF000016EB0B06BDF8080027490860BDF80A009B
:10EF100026490860BDF81000254908604DF6AD612E
:10EF2000FE20FFF7E7FB3000C0B20BB0BDE8F08F6A
:10EF300070B5040001251E491A4A13680868C318F1
:10EF40009B1E200080B2834206DA1268086882188D
:10EF5000921E1648026003E0200080B21349086048
:10EF60004BF6EF61FE20FFF7C5FB0F480068002855
:10EF700001D0AD2000E00B200C49096889B2C0B275
:10EF8000FFF7CDFB06004DF6AD61FE20FFF7B2FBAB
:10EF90003000C0B270BD000010AD0328F0AD0328F2
:10EFA000C0FC9B01ECAD0328F4AD0328F8AD0328A9
:10EFB000FCAD03281CB50400002C01D0012000E0AA
:10EFC00000204122DFF8A414C0B2F6F795F9DFF86B
:10EFD000A00401212278D21010EBC212237813F082
:10EFE000070311FA03F313602279D21010EBC21059
:10EFF000227912F0070211FA02F20260E068009032
:10F000000098421E00920028FAD1DFF86824207987
:10F01000C01012EBC010237913F0070311FA03F3A9
:10F020000360E06800900098431E00930028FAD126
:10F030002078C01012EBC012207810F00700814039
:10F040001160E06800900098411E00910028FAD1FC
:10F0500013BD1CB50400002C01D0012000E00020ED
:10F060005522DFF80814C0B2F6F746F9DFF80404B9
:10F0700001212279D21010EBC212237913F0070379
:10F0800011FA03F313602278D21010EBC210227829
:10F0900012F0070211FA02F20260E0680090009894
:10F0A000421E00920028FAD1DFF8C4232078C01055
:10F0B00012EBC010237813F0070311FA03F3036077
:10F0C000E06800900098431E00930028FAD1207950
:10F0D000C01012EBC012207910F0070081401160BF
:10F0E000E06800900098411E00910028FAD113BDFD
:10F0F00038B504000D00002C01D0012000E00020F4
:10F100006A22DFF86813C0B2F6F7F6F8DFF8641386
:10F1100001222078C01011EBC010237813F00703F0
:10F1200012FA03F30360EDB2002D0CD02079C01069
:10F13000DFF83C3313EBC013207910F0070012FA0C
:10F1400000F0186009E02079C01011EBC01023799D
:10F1500013F0070312FA03F30360E06800900098CD
:10F16000431E00930028FAD1DFF804332078C01042
:10F1700013EBC010257815F0070512FA05F50560A8
:10F18000E06800900098451E00950028FAD120788C
:10F19000C01011EBC011207810F0070012FA00F037
:10F1A00008602079C01013EBC013207910F007001D
:10F1B00082401A6031BD2DE9FC410400002C01D0D1
:10F1C000012000E000208622DFF8A012C0B2F6F78E
:10F1D00093F80025DFF8EC6201272078C01016EBC9
:10F1E000C010217811F0070117FA01F10160DFF872
:10F1F00080822079C01018EBC010217911F007012E
:10F2000017FA01F10160002200216068C0B2F6F730
:10F21000F1FBE06800900098411E00910028FAD1AF
:10F220002078C01018EBC018207810F0070017FAEB
:10F2300000F0C8F80000E06800900098411E0091BE
:10F240000028FAD16068C0B2F6F7C3FB002800D0EE
:10F2500001252078C01016EBC016207810F00700AA
:10F2600087403760032201216068C0B2F6F7C2FB15
:10F27000E06800900098411E00910028FAD1280013
:10F28000C0B2BDE8F6817CB504000D00002C01D0B1
:10F29000012000E00020A822DFF8D011C0B2F6F76C
:10F2A0002BF880210800C0B200284ED02800C0B240
:10F2B00008420CD00120227912F0070290402279F6
:10F2C000D210DFF8AC3113EBC21318600BE0012051
:10F2D000227912F0070290402279D210DFF8E4314F
:10F2E00013EBC2131860C9B24908E06840080090E7
:10F2F0000098421E00920028FAD10122207810F0D6
:10F30000070012FA00F02378DB10DFF8646116EBD7
:10F31000C3163060E06800900098431E00930028F8
:10F32000FAD1207810F0070082402078C010DFF872
:10F33000943113EBC0131A60E06840080090009805
:10F34000421E00920028FAD1ACE72000FFF733FFFD
:10F35000012801D1002000E00120C0B276BD2DE9D6
:10F36000FC4704000D00002C01D0012000E000202B
:10F37000C222DFF8F810C0B2F5F7BEFF002608275A
:10F38000DFF8F0805FF001092078C01018EBC010A2
:10F39000217811F0070119FA01F10160E06800908D
:10F3A0000098411E00910028FAD1DFF8C4A020790E
:10F3B000C0101AEBC010217911F0070119FA01F100
:10F3C0000160002200216068C0B2F6F713FB27E05D
:10F3D0002078C01018EBC010217811F0070119FA3D
:10F3E00001F10160E06800900098411E0091002842
:10F3F000FAD12078C0101AEBC010217811F0070163
:10F4000019FA01F10160E06800900098411E009136
:10F410000028FAD16068C0B2F6F7DBFA50EA460677
:10F420003800471EC0B20028D2D12078C01018EB97
:10F43000C018207810F0070019FA00F9C8F80090F9
:10F44000032201216068C0B2F6F7D4FAE0680090A8
:10F450000098411E00910028FAD12900C9B220006D
:10F46000FFF746FE3000C0B2BDE8F6877C3A0910CF
:10F47000080031400400314070B504000D00160052
:10F48000002C01D0012000E0002040F28D224749ED
:10F49000C0B2F5F731FF2000FFF78CFD217A49005B
:10F4A000C9B22000FFF7EFFE2900C9B22000FFF724
:10F4B000EAFE3100C9B22000FFF7E5FE2000FFF7A9
:10F4C000C8FD70BD0400314038B504000D00002CAB
:10F4D00001D0012000E0002040F29F223349C0B259
:10F4E000F5F70AFF00202000FFF764FD217A4900AC
:10F4F000C9B22000FFF7C7FE2900C9B22000FFF7FC
:10F50000C2FE2000FFF7A5FD2000FFF753FD217A82
:10F51000490051F00101C9B22000FFF7B4FE0121FA
:10F520002000FFF71CFF05002000FFF792FD2800D8
:10F53000C0B232BD2DE9F843040088461700002C04
:10F5400001D0012000E00020089D1E00DFF85C9043
:10F5500040F2BA224946C0B2F5F7CEFE300029008B
:10F56000C0B2C9B2884201D0012000E0002040F2C0
:10F57000BB224946C0B2F5F7BFFE3000C0B22060E2
:10F580002800C0B2606084F80880E760032301228D
:10F5900001213000C0B2F6F754FA03230122012101
:10F5A0002800C0B2F6F74DFABDE8F1837C3A0910A5
:10F5B000F8B505000C00002000260A212000FAF70B
:10F5C000C9F800220021002802D0001B401C0200C4
:10F5D000002000E0401C03001700DBB2FFB2BB427A
:10F5E0000DD20300DBB2E35C2C2B00D1761C330080
:10F5F0002F00DBB2FFB2BB42ECD1401C010008007F
:10F60000C0B2F2BD3EB50400002000202100012060
:10F61000FFF7CEFF451E2A00D2B221006846FDF753
:10F620005FFB00206946EDB248556846F5F778FF64
:10F630003EBD000038B584B0040000209FEDC90A2B
:10F6400021000120FFF7B4FF451E2A00D2B221009D
:10F650006846FDF745FB00206946EDB2485568460F
:10F66000F6F704F8B7EEC00B05B030BD38B584B07E
:10F67000040000209FEDB90B21000120FFF798FF47
:10F68000451E2A00D2B221006846FDF729FB002062
:10F690006946EDB248556846F5F7E8FF05B030BD5C
:10F6A00010B400210179083101710179182940DB7A
:10F6B000017918390171C178491CC170817802291A
:10F6C00017D11C22017811F0030F07D101886423A0
:10F6D00091FBF3F403FB1411002908D101884FF4C6
:10F6E000C87391FBF3F403FB141100290FD1521CD2
:10F6F0000DE01F228178042908D08178062905D0E1
:10F700008178092902D081780B2900D11E22C17885
:10F71000D2B28A420DD20121C1708178491C817018
:10F7200081780D2905DB81780C3981700188491CAD
:10F73000018010BC70470000F8B52DED028B06006B
:10F740000C00002000209FED850B9FED840B9FEDAA
:10F75000830B9FED820B9FED810B9FED800B9FED47
:10F76000810A002531000220FFF722FFC0B2305C81
:10F770000100C9B2412903D0C0B2442840F0A280A0
:10F7800001250120207231000420FFF711FFC0B2D3
:10F79000305684F8280031000620FFF709FFC0B278
:10F7A000305684F8290031000320FFF701FFC0B272
:10F7B0003044FFF75BFFB0EE408B31000520FFF7D0
:10F7C000F7FEC0B23044FFF751FFBDEEC81B11EE8B
:10F7D000100A642190FBF1F060816420618941434B
:10F7E00001EE101AB8EEC11B38EE411BBDEEC12B65
:10F7F00012EE101AA1819FED892BA18903EE101A38
:10F80000B8EE433B31EE433B23EE023BBDEEC33B40
:10F8100013EE101AE181BDEEC03B13EE101A642204
:10F8200091FBF2F12182218A00FB01F003EE100A24
:10F83000B8EEC33B30EE430BBDEEC03B13EE100AF7
:10F840006082608A03EE100AB8EE433B30EE433B21
:10F8500023EE022BBDEEC22B12EE100AA0826089AD
:10F8600002EE100AB8EE422B9FED6E4B81EE041BA8
:10F8700032EE011B84ED061B208A01EE100AB8EE61
:10F88000411B9FED683B80EE030B31EE000B84EDD6
:10F89000080B31000720FFF78BFEC0B23044FFF7A2
:10F8A000C9FEDFED620A20EE200A84ED0B0A31006A
:10F8B0000820FFF77DFEC0B23044FFF7BBFE84EDA9
:10F8C0000C0A01E0002020720A27F179307A07FB48
:10F8D0000101B1F110002071717AB07A07FB0101CA
:10F8E000B1F110006071F17A307B07FB0101B1F1D9
:10F8F0001000A07131000920FFF75AFE0100C9B2C3
:10F90000725C0100C9B23144497807FB0212B2F1BE
:10F910001001E1700100C9B231448A780100C9B216
:10F920003144C97807FB0212B2F11001A170010045
:10F93000C9B23144097911FB07F1C0B230444079B2
:10F9400051FA80F010F5B86020802000FFF7A8FE83
:10F950002800C0B2BDEC028BF2BD00000000000028
:10F96000000000000000000070B52DED028B0500C6
:10F970000C000020002629000220FFF719FEC0B26B
:10F98000285CC0B22C2820D029000720FFF710FEE9
:10F99000C0B22844FFF736FE84F83C002900092055
:10F9A000FFF706FEC0B22844FFF744FEB0EE408ADF
:10F9B00029000B20FFF7FCFDC0B22844FFF73AFEF8
:10F9C00030EE080A84ED100A01263000C0B2BDEC0A
:10F9D000028B70BD70B505000C00002000262900C8
:10F9E0000220FFF7E5FDC0B2285CC0B241280ED16D
:10F9F000012084F8340029000120FFF7D9FDC0B2AE
:10FA00002844FFF717FE84ED0E0A012602E00020CD
:10FA100084F834003000C0B270BD00000000000067
:10FA20000070B7400000000000004E40CDCCEC3F1D
:10FA30007CB500246846DFF8D013D1E90023C0E983
:10FA40000023002000200020DFF8C0532878012880
:10FA500024D102202870DFF8B8632A213000F9F79A
:10FA600079FE0222411C0DF10200FDF739F96846CA
:10FA7000F5F71DFF7278022302E0F15C4A405B1C3F
:10FA8000F15C2A29F9D1D2B2C0B2824201D001245C
:10FA90005AE0DFF880133000FFF74EFE0020287098
:10FAA000DFF874532878012823D102202870DFF86A
:10FAB0006C632A213000F9F74DFE0222411C0DF142
:10FAC0000200FDF70DF96846F5F7F1FE72780223A2
:10FAD00002E0F15C4A405B1CF15C2A29F9D1D2B208
:10FAE000C0B2824201D001242EE0CA493000FFF7A3
:10FAF0003BFF00202870CA4D2878012822D102201F
:10FB00002870C84E2A213000F9F724FE0222411C39
:10FB10000DF10200FDF7E4F86846F5F7C8FE7278CB
:10FB2000022302E0F15C4A405B1CF15C2A29F9D116
:10FB3000D2B2C0B2824201D0012405E0B549300002
:10FB4000FFF748FF002028702000C0B276BD0000FB
:10FB50001FB500200190B4480078002868D004E068
:10FB600001226946B148F7F766F969460220F6F7BF
:10FB700037FD0028F4D19DF800000A2858D106204E
:10FB80000190AA4C012301AA02A92000F7F723FA49
:10FB900003229AA10DF10B0000F066F9002810D1A4
:10FBA0009A48017802293DD0012101702000F7F721
:10FBB00031F90190002301AA95492000F7F70BFACB
:10FBC00030E003228EA10DF10B0000F04DF900286A
:10FBD00010D191480178022924D001210170200020
:10FBE000F7F718F90190002301AA8C492000F7F7D4
:10FBF000F2F917E0032283A10DF10B0000F034F9B4
:10FC000000280FD18648017802290BD0012101700C
:10FC10002000F7F7FFF80190002301AA8149200096
:10FC2000F7F7D9F92000F7F7BBF8012080490870F1
:10FC30001FBD000038B5A8B0040021A87D491C22D2
:10FC4000F8F7FEFD1EA87C4991E82C0080E82C0006
:10FC50001BA87A4991E82C0080E82C0018A8784964
:10FC600091E82C0080E82C0015A8764991E82C003A
:10FC700080E82C0012A8744991E82C0080E82C0040
:10FC80000FA8724991E82C0080E82C000CA870495C
:10FC900091E82C0080E82C0009A86E4991E82C001E
:10FCA00080E82C0006A86C4991E82C0080E82C0024
:10FCB00003A86A4991E82C0080E82C00684668494E
:10FCC00091E82C0080E82C002000C0B2012803D06D
:10FCD0002000C0B2012878D18023624A0021534815
:10FCE000F7F72CFB4FF4FA70F4F73BF820232022AF
:10FCF0005FF4E1310220F6F7FDFE1C2221A902206B
:10FD0000F6F751FCC820F4F72CF80B221BA90220AF
:10FD1000F6F749FC3220F4F724F80B221EA9022042
:10FD2000F6F741FC3220F4F71CF80B2218A9022048
:10FD3000F6F739FC3220F4F714F80B2215A902204B
:10FD4000F6F731FC3220F4F70CF80B2212A902204E
:10FD5000F6F729FC3220F4F704F80B220FA9022051
:10FD6000F6F721FC3220F3F7FCFF0B220CA902204E
:10FD7000F6F719FC3220F3F7F4FF0B2209A9022051
:10FD8000F6F711FC3220F3F7ECFF0B2206A9022054
:10FD9000F6F709FC3220F3F7E4FF0B2203A9022057
:10FDA000F6F701FC3220F3F7DCFF0B226946022054
:10FDB000F6F7F9FB3220F3F7D4FF01201A49087057
:10FDC00001210220F6F7D4FC16E0E4B2022C13D194
:10FDD0008023244A00211548F7F7B0FA2023202277
:10FDE0005FF4E1310220F6F785FE01200E4908702C
:10FDF00001210220F6F7BCFC29B030BD524D430072
:10FE00004747410054485300E042091044AE0328DC
:10FE1000A4A70328D0A9032843AE032824A70328B6
:10FE200045AE032824A8032842AE032838AC032893
:10FE300041AE0328B03D0910A0410910AC410910A2
:10FE4000B8410910C4410910D0410910DC41091022
:10FE5000E8410910F4410910004209100C42091050
:10FE600018420910A4A603288AB10B7890F800C0A4
:10FE70009C4506D110F8013B4BB1491C521EF4D1F0
:10FE800005E002D24FF0FF3070470120704700209C
:10FE900070470000F8B52DED0A8BADF5C86D060072
:10FEA0000C000A25601B022802DABFEE000AF6E009
:10FEB0009FED7D8B2801304490ED000B20EE080B68
:10FEC0009FED7B2B80EE020BF4F752F90027280000
:10FED0003FE085421BDA0101314491ED021B010133
:10FEE0003144083991ED002B31EE421B21EE001B0D
:10FEF0000101314491ED002B01013144103991EDA4
:10FF0000003B32EE432B21EE011B02EE021B0101EE
:10FF1000314491ED021B2901314491ED022B31EE68
:10FF2000421B21EE001BC8A901EBC70181ED001B9C
:10FF30000101314491ED001B2901314491ED002B69
:10FF400031EE421B694601EBC70181ED001B7F1CAE
:10FF5000401CA042BDDB022F02DABFEE000A9EE089
:10FF60009FED550B9FED541B00200EE0C8A901EB3F
:10FF7000C00191ED002B30EE020B694601EBC00190
:10FF800091ED002B31EE021B401CB842EEDB02EE7D
:10FF9000107AB8EEC22B80EE020B02EE107AB8EEA9
:10FFA000C22B81EE021B9FED442B9FED433B9FED47
:10FFB000424B002014E0C8A901EBC00191ED005BA9
:10FFC00035EE405B694601EBC00191ED006B36EE0A
:10FFD000416B05EE052B06EE063B05EE064B401C7D
:10FFE000B842E8DB32EE431BB0EE002B24EE020BEE
:10FFF00000F094FAB6EE002B20EE029BC8A800EBAE
:020000041009E1
:10000000C700083890ED000B9DEDC81B30EE41ABEA
:10001000684600EBC700083890ED000B9DED001B13
:1000200030EE41BBB0EE490BF4F7A2F8B0EE40CB96
:10003000B0EE490BF4F79EF82AEE0C1B0BEE001BFA
:100040009FED1D2BB4EE421BF1EE10FA01D539EEF7
:10005000089B9FED171B29EE010B9FED132B80EEE4
:10006000020B9FED172B32EE400B03E09FED162B9A
:1000700030EE020B9FED162BB4EE420BF1EE10FAB0
:10008000F4D49FED0B2BB4EE420BF1EE10FA04DB2F
:100090009FED112B30EE020BF3E7B7EEC00B0DF521
:1000A000C86DBDEC0A8BF1BD182D4454FB210940ED
:1000B000000000000080664000000000000000001A
:1000C00000000000008056400000000000807640E4
:1000D00000000000008066C000000000008076C0C4
:1000E0002DE9F0472DED028B84B0DFF8880300F096
:1000F00055FAF5F760F9FBF7FBF9FDF72DF9EFF786
:10010000BFFFFBF7CDF9DFF870434FF4FA702080A2
:100110000120FFF78FFD0620FCF7B5F800F04CFA40
:100120004FF47A70F3F71DFEFBF706F8FAF7D6FFE7
:10013000F9F7ECFF00F0B8FAFBF7ADFEFBF7E8FECD
:10014000FBF723FFFBF746FF00F0E3FBCB49C7A01B
:1001500000F034FE00282AD1C94BCA4ACA49C4A0BB
:1001600000F067FD002803D10120DFF88413087038
:1001700000F0ECFFDFF878030078012819D10520A2
:1001800001F094F87823BC22D849022001F053F9F9
:1001900000200390BD480290BD48019000200090CF
:1001A000BC4BBD4AC821022001F054F901E000F027
:1001B000CDFF1E2000F096FFB849032001F050FB50
:1001C0004FF47A71022001F04BFBB54DB54EB6F9F4
:1001D0000000B5F9001001FA80F040F2E9318842E0
:1001E00001DB0127B9E00027B7E04FF47A712180E5
:1001F00000210170DFF8D8823221B348FFF74AFEB0
:1002000088ED000AA84890F90000052878D1DFF8A9
:10021000C892DFF8C0A29AED000ADAED000A20EEDB
:10022000200AD9ED000A99ED001A00EE810AFBF7C9
:100230004FF9B0EE408A98ED000ADFED9C0A60EEBF
:10024000208AB0EE680AFBF7F1F820EE080A8AED82
:10025000000AB0EE680AFBF7EBF820EE080A89ED19
:10026000000A98ED000AFBF785FC9148D8F80010C9
:10027000016045E03800C0B200281ED1DFF8888256
:1002800098F80000012818D1DFEDA11A9FEDA01AFF
:10029000DFED9F0A9FED870A9C48FAF763FFDFEDC9
:1002A0009C1A9FED9B1ADFED9A0A9FED830A9A48EC
:1002B000FAF758FF002088F80000804908780028E5
:1002C00042D000200870FFF7B3FB7D480178012978
:1002D00016D17C490A68322A87DA7B487B4A0B6848
:1002E0001B01034492ED060B83ED000B0B681B0111
:1002F000184492ED080B80ED020B0868401C086062
:1003000002230322724890ED000AB7EEC00A64216E
:100310000A20F3F71BF9022302226E4890ED000A2F
:10032000B7EEC00A78210020F3F710F90223022269
:10033000694890ED000AB7EEC00A78213220F3F741
:1003400005F90120654908706548417B012901D103
:10035000002141730A20F3F704FDDFF8888198F843
:100360000000002816D045F620025F49DFF87C9196
:100370004846F8F755FA01F080FB01F0D4FB01F094
:1003800047FC5B480078012801D101F074F9002096
:1003900088F80000FDF72CF89FED560B5749B1F98E
:1003A000000001EE100AB8EEC11BB6F90020B1F949
:1003B0000000121A02EE102AB8EEC22B02EE001B49
:1003C000BDEEC11B11EE100A08804D4BB3F90000C1
:1003D00001EE100AB8EEC11BB5F90020B3F9000018
:1003E000121A02EE102AB8EEC22B02EE001BBDEE6E
:1003F000C10B10EE100A1880424890ED070AF1EE8A
:10040000040A20EE200ABDEEC00A10EE102A12B235
:10041000B1F90010B3F9000000F0F4F8EFF73CFE7A
:100420003800C0B200283FF425AFDFF8DC8098F830
:10043000000000287FF41EAFDFED351A9FED341A5F
:10044000DFED330AB6EE000A3048FAF78BFEDFED37
:10045000301A9FED2F1ADFED2E0A9FED2E0A2E483F
:10046000FAF780FE012088F8000026E752554E007A
:100470005443500080B2E60E10AE032870410910BC
:10048000D8420910D0420910B03F09109CC102287F
:10049000D4C002280CC0022844BF022840420F00EA
:1004A000D0C30228D2C3022830AE032835FA8E3CCE
:1004B00070AD03289A99993F0000AF4441AE0328DC
:1004C0002AAE0328C0AD0328689F0328D0A90328BB
:1004D000C4AD032878AD03287CAD03283CAE0328C7
:1004E00000AD032847AE0328081C0328E8C30228F0
:1004F0003BAE03289A9999999999B93FCCC30228A0
:10050000CEC3022820AB03283DAE0328E0AA03286F
:10051000000000000000FA4300AB032852EC113B3E
:1005200051EC10CBB0EEC00BB0EEC11BC80F4900B0
:10053000520028BF0C3011F5001F34BF12F5001F08
:1005400010E0634572EB010C38BF80F004001343E8
:100550001AD003D281EE000B01F0E2BB80EE010B5A
:1005600001F0DEBB11F5001F08BF80F0040094BF4E
:1005700012F5001F0CE08A424FF0000312BF002268
:100580004FF07C5242F4700242EC103B01F0C8BBC9
:100590006FF0004120EE101B7047000080B5054948
:1005A000086001F049FCF3F70BFC0020F6F714FF9C
:1005B00001BD0000DCAD032810B541F288342200F3
:1005C00032212220F8F792FF220032212120F8F771
:1005D0008DFF220032212F20F8F788FF22003221E0
:1005E0002C20F8F783FF00220448B0F900100448DB
:1005F000B0F9000000F006F810BD0000CCC30228DE
:10060000CEC3022870B505000E0040F2E241491B3E
:1006100051185519FA3516F1FA04A41A40F2E240BD
:10062000861BB61A40F2E3400A0012B2824201DB96
:1006300040F2E2410A0012B2FA2A00DAFA212A0054
:1006400012B2824201DB40F2E2452A0012B2FA2ADB
:1006500000DAFA25220012B2824201DB40F2E244C3
:10066000220012B2FA2A00DAFA24320012B28242CE
:1006700001DB40F2E246300000B2FA2800DAFA2646
:1006800009B22220F8F705FF2DB229002120F8F742
:1006900000FF24B221002F20F8F7FBFE36B2310014
:1006A0002C20F8F7F6FE70BD80B502E06420F3F769
:1006B00058FB01F0F4FC0028F8D101BD80B52021E1
:1006C000024801F0C8FC0249087001BD80AB032854
:1006D0003AAE03281FB50DF10B01002200230B7069
:1006E000002802D501224042FFE7491E0A23B0FB41
:1006F000F3F403FB140330330B700A23B0FBF3F065
:100700000028F2D1D2B2002A02D0491E2D20087052
:10071000080001F06BFC04B010BD30B587B00100DB
:1007200003AA00230800C0B2072800DB0621B5EEAB
:10073000400AF1EE10FA02D50123B1EE400AFDEEB7
:10074000C00AB8EEE01A30EE410A10EE900ADBB2B1
:10075000002B02D02D231370521C00280BD1302007
:100760001070521C0800C0B2002835D02E20107026
:10077000521C00202AE06B460AE00A24B0FBF4F584
:1007800004FB150430341C705B1C0A24B0FBF4F02D
:100790000028F2D168469842E4D25B1E18781070A7
:1007A000521CF7E7F2EE040A20EE200AFDEEC00A22
:1007B00010EE903A13F130041470521CDBB200EECC
:1007C000903AF8EE600A30EE600A401C03000C001C
:1007D000DBB2E4B2A342E5D30020107003A801F01D
:1007E00005FC07B030BD000010B5022001F048FD47
:1007F0000400022001F05BFD200010BD10B40022B7
:100800004B788C7853EA04235B055B0D1400E4B24B
:1008100020F81430521C8B78DBB2DB08DBB2CC78CA
:1008200053EA44135B055B0D1400E4B220F8143066
:10083000521CCB78DBB29B09DBB20C7953EA840300
:100840004C7953EA84235B055B0D1400E4B220F875
:100850001430521C4B79DBB25B08DBB28C7953EA63
:10086000C4135B055B0D1400E4B220F81430521C75
:100870008B79DBB21B09DBB2CC7953EA04135B053D
:100880005B0D1400E4B220F81430521CCB79DBB2BB
:10089000DB09DBB20C7A53EA44034C7A53EA442373
:1008A0005B055B0D1400E4B220F81430521CC97DC6
:1008B000C9B2890811F0010191F001010173012011
:1008C0001F49487310BC704738B5FFF78DFF40F6DD
:1008D000B931884202D300201A4908701A4C194DC8
:1008E000287804EB00010620F5F77AFE00280FD0E7
:1008F0002878401C28702878192809D120780F28DA
:1009000006D1207E002803D121000D48FFF776FF95
:1009100031BD80B5602360220C490620F5F7FCFF4D
:100920000021022001F0CEFC0949052001F037FD2D
:1009300001210620F5F71CFF022001F08DFC01BD0E
:1009400000AD03284EAE0328A0AB0328A08601000B
:10095000C908091038B50400002564204443142058
:10096000F5F737F8002805D10A20F3F7CFF96D1C09
:10097000A542F4D3A54201D3012000E00020C0B27B
:1009800032BD38B514001D000822DFF8C8341A60E3
:10099000002805D089B20A0001000020F3F7BBFE51
:1009A000002C05D0ADB22A0021000020F3F7B3FEE1
:1009B0000820DFF8A414086031BD38B504000D002C
:1009C0000820DFF890140860042322002100002092
:1009D000F4F71EF9280080B2002806D0ADB22B0033
:1009E000221D211D0020F4F713F90820DFF86814F8
:1009F000086031BDF8B504000D0016000820DFF8CE
:100A000054140860022028706E8004232A002900F4
:100A10000020F4F7FDF8300080B221280EDB2023FF
:100A20002A1D21000020F4F7F3F8B6B2203E320070
:100A300014F120010020F3F76EFE0CE0B6B22F1D7A
:100A4000320021003800F7F7EBFE20232A1D291D74
:100A50000020F4F7DDF80820DFF8FC130860F1BD92
:100A6000F8B50D0016001F0001248DF80000ADF848
:100A700002603800FFF76EFF00281ED133009BB2E2
:100A80002A0004216846FFF77CFF3800FFF762FF69
:100A9000002812D102208DF800000020ADF80200DD
:100AA000BDF802106846FFF788FF1420F3F72EF90F
:100AB0009DF80000802800D100242000C0B2F2BDC3
:100AC000F8B504000D00160001273000FFF742FFC3
:100AD000002814D12C700023002220212800FFF7C9
:100AE00050FF3000FFF736FF002808D102202870A1
:100AF0000020688020212800FFF75FFF00273800D2
:100B0000C0B2F2BD30B589B04FF47A726946202088
:100B1000FFF7D6FF04002000C0B200280BD19DF8DB
:100B20000000A02807D1BDF8022001A9DFF82C534E
:100B30002800F7F775FEE4B2002C07D19DF80000FD
:100B4000A02801D0012002E0002000E00120C0B276
:100B500009B030BD30B589B04FF47A7269462120B2
:100B6000FFF7AEFF04002000C0B200280BD19DF8B3
:100B70000000A12807D1BDF8022001A9DFF8E0524A
:100B80002800F7F74DFEE4B2002C07D19DF80000D5
:100B9000A12801D0012002E0002000E00120C0B225
:100BA00009B030BD30B589B04FF47A726946222061
:100BB000FFF786FF04002000C0B200280BD19DF88B
:100BC0000000A22807D1BDF8022001A9DFF8945245
:100BD0002800F7F725FEE4B2002C07D19DF80000AD
:100BE000A22801D0012002E0002000E00120C0B2D4
:100BF00009B030BD10B590B002000B00002B05D03D
:100C000099496846F6F792F8020004E09749684669
:100C1000F6F78CF8020042F2107392B26946102087
:100C2000FFF71EFF0400FFF7BDFF2000C0B210B0A9
:100C300010BD18B58DB0019300920B0002008C49D5
:100C400002A8F6F773F802004CF2503392B202A9F0
:100C50001120FFF705FF0400FFF7A4FF2000C0B23A
:100C60000EB010BDF0B589B006000C00814D28789B
:100C7000002858D1012028701CE03A0092B2694641
:100C80003000FFF7B7FE9DF80000902803D09DF8D4
:100C90000000912809D1BDF80200002805D0BDF858
:100CA000022001A97448F6F7C6F8380080B2241A69
:100CB000BFB23E44002C2AD040F6F970844202D3E1
:100CC00040F6F87700E027004FF47A70FFF742FE15
:100CD0000028D2D01BE002208DF800000020ADF8E3
:100CE000020020216846FFF768FE9DF8000090286A
:100CF00003D09DF80000912809D1BDF8020000281A
:100D000005D0BDF8022001A95B48F6F794F89DF8DC
:100D10000000902805D14FF47A70FFF71BFE0028E1
:100D2000D9D000202870200009B0F0BD38B58AB0B5
:100D300004000D00002C01D0012000E000204FF441
:100D40000E724E49C0B2F4F7D7FA0095494D287893
:100D500000282AD1012028704FF47A70FFF7FAFD9D
:100D6000002820D102208DF804000020ADF80600F4
:100D7000202101A8FFF721FE9DF80400902803D050
:100D80009DF80400912809D1BDF80600002805D07F
:100D9000BDF8062002A93848F6F74DF89DF8040082
:100DA0009028D9D0FFE70020287000236A46210050
:100DB0003148F6F710F900980BB030BD3EB504008D
:100DC0000D0000204FF480632D4A00212A48F6F7D9
:100DD000B5FA082002900020019000200090002326
:100DE000284A00210020F3F780FF0323012201217C
:100DF0001320F4F726FE032301220121B820F4F783
:100E000020FE0223002200211420F4F71AFE002104
:100E1000B820F4F7BCFD0A20F2F7A3FF0121B820A7
:100E2000F4F7B5FD6420F2F79CFF0020114908702B
:100E3000FFF768FE0100C9B2002909D1FFF78AFE59
:100E400029002000FFF7D6FE0100C9B20029FFD11A
:100E5000C0B23EBD040131400801314020AD03283D
:100E6000C0AC0328BCAB032824420910E842091097
:100E7000BC3E09104FAE032850AC0328DC390910E2
:100E80006882032880969800022801D3012010E090
:100E90000B00DBB2042B01DB01200AE0DFF8C033DA
:100EA00003EB8000C9B2405C824201D3012000E024
:100EB00000207047F8B506000F0015001C00022E38
:100EC00001D301201DE02A003900C9B23000FFF72C
:100ED000DBFF012801D1012013E03800C0B2002857
:100EE00012D1B4F5807F0DD2DFF878037603304459
:100EF00000EB850010F58050016864F30F2101605C
:100F00000020F2BD0120FCE7FFB2012F10D1B4F5A3
:100F1000803F0BD2D3487603304400EB850010F5B8
:100F2000A050016864F317210160E9E70120E8E7B8
:100F30000120E6E700B20012C0B27047F8B5050024
:100F40000E001700280000B2FFF7F4FF0400200095
:100F5000C0B2022801D3012023E03A003100C9B217
:100F60002000C0B2FFF790FF012801D1012018E056
:100F7000BC492000C0B2400308442A00D2B200EBB2
:100F80008200D0F8000CF6B266F3092067F3070080
:100F9000E4B264032144EDB201EB8501C1F8000C19
:100FA0000020F2BD70B504000D001600022C01D324
:100FB00001201CE032002900C9B22000FFF764FFC5
:100FC000012801D1012012E0A6496003085850F021
:100FD000004050F0407050F47F00EDB265F30920FE
:100FE00066F307006203885064030859002070BD4F
:100FF00010B59D48F4F740FE45F6200213009B49CA
:101000000C00012B0EDB14F01F00C318BFF34F8F31
:10101000974804602034203B012BF9DABFF34F8F4F
:10102000BFF36F8F934C2000F7F7FAFB0120924932
:10103000087010BD10B596B040F261140022012175
:101040002000FFF77BFF2000FFF774FF0923002239
:101050000121C0B2FFF72EFF2000FFF76BFF002237
:101060000121C0B2FFF79EFF4FF4CD70ADF8000034
:101070000320ADF8020001208DF8040000227F4912
:101080006846F6F7D1F95021002202AC2000F4F7AF
:101090000FFA0020029000208DF80C0001208DF83E
:1010A0000D0000208DF80E0000208DF810000320A8
:1010B0008DF84C000120149000208DF85400002081
:1010C0008DF85500684C02A92000F4F701FD2000BE
:1010D000F4F7BEFD2000F4F7C9FD6948F4F7D4FD2C
:1010E00016B010BD80B5002180B2FDF721FFC0B25F
:1010F00002BD10B58EB001248A20009089234FF4E0
:10110000C87200210AA8FEF715FA0AA8FDF764FBC9
:10111000002817D168465B492822F7F791FB5A4807
:101120000178491CBC2211FB02F1ADF812100078C5
:10113000401C782110FB01F0ADF816006846FDF761
:101140007BFB04002000C0B20EB010BD2DE9F843B7
:101150000020BFF34F8FBFF36F8F4C4C206830F4EB
:10116000003020604A4E00203060BFF34F8FBFF345
:101170006F8F484F00203860BFF34F8F206830F4E6
:1011800080302060BFF34F8FDFF80C81D8F800105B
:10119000C1F34E32C1F3C90343F6E07515EA4210BC
:1011A00050EA8370DFF8F4C0CCF800001800431E4A
:1011B0000028F1D11000421E0028EBD1BFF34F8F61
:1011C000BFF36F8F782036490880BC2035490880EE
:1011D000FFF78FFF81464846C0B2002801D1FFF7D4
:1011E00029FF2068800311D4BFF34F8FBFF36F8FA7
:1011F00000203060BFF34F8FBFF36F8F206850F433
:1012000000302060BFF34F8FBFF36F8F2068C003A3
:1012100021D400203860BFF34F8FD8F80010C1F3FD
:101220004E32C1F3C90315EA421050EA83701E4ED4
:1012300030601800431E0028F5D11000421E00281F
:10124000EFD1BFF34F8F206850F480302060BFF3A0
:101250004F8FBFF36F8F4846C0B2BDE8F2830000E6
:101260005842091000000440801D584024600228A4
:101270005CEF00E0081C032847AE0328F10F0910BB
:10128000001E5840803C091048AE032814ED00E0D1
:1012900050EF00E084ED00E080ED00E074EF00E04E
:1012A000F06B0028F26B002860EF00E0C0B200286D
:1012B0000AD001280FD0032814D0042819D00528FB
:1012C0001ED0062823D022E0114812490860124897
:1012D000124908601BE012480E49086011480F4986
:1012E000086014E010480B49086010480B4908607A
:1012F0000DE00F48074908600E480849086006E0FD
:101300000D48044908600D4804490860FFE770472C
:10131000B7520810CCC20228C7520810D0C2022807
:10132000891F09105720091095350910F935091042
:10133000D9310910D1320910650C09102D0D091091
:101340002DE9F84306000C001F005FF00008DFF8ED
:101350006803AA21017002214170002C01D00021F4
:1013600000E00121089D730153EA01131A438270C2
:101370000821C1708780C580DFF840930821D9F823
:1013800000209047F6B2012E04D014D3032E0DD0C6
:1013900007D310E0BFB2ADB26F43082097FBF0F85F
:1013A00009E0BFB2ADB26F43B84604E0BFB2ADB220
:1013B0006F437F00B846002C04D041462000D9F886
:1013C00000209047BDE8F183F8B504000020DFF865
:1013D000F00285888178890600D56D00DFF8DC622F
:1013E000082132689047002720E03800C0B204EBA3
:1013F0008000C068002808D0290089B23800C0B237
:1014000004EB8000C068326890473800C0B204EB3B
:101410008000C06A002808D0290089B23800C0B214
:1014200004EB8000C06A326890477F1C3800C0B26D
:101430000828DADBF1BD30B4A14CAA2525700325BC
:1014400065700825E570A04C20722160A280E380C1
:1014500030BC70472DE9F047814690461C000020C3
:1014600000250026984F387A002801D0012000E09E
:1014700000208A464FF484729249C0B2F3F73CFFD1
:10148000DFF83CE2AEF804A000208EF806005FF022
:10149000000A0DE000205146C9B207EB8101C86087
:1014A00000205146C9B207EB8101C8621AF1010A56
:1014B0005046C0B20328EDDB40462100089ADDF813
:1014C00024C00A9B0B9CC8465FFA88F8B8F1000F4D
:1014D00008D0B8F1020F73D03AD3B8F1030F00F07F
:1014E000C280C0E000280DD06D1C9EF8063053F07D
:1014F00001038EF806305346DBB207EB8303D86056
:101500001AF1010A00290DD06D1C9EF8060050F05A
:1015100002008EF806005046C0B207EB8000C160A2
:101520001AF1010A002A0DD06D1C9EF8060050F039
:1015300004008EF806005046C0B207EB8000C2607F
:101540001AF1010AF888B0F5807F00DB01268AE0F5
:10155000BCF1000F0ED06D1C9EF8060050F001008B
:101560008EF806005046C0B207EB8000C0F82CC0D1
:101570001AF1010A002B0DD06D1C9EF8060050F0E8
:1015800002008EF806005046C0B207EB8000C3622E
:101590001AF1010A002C0DD06D1C9EF8060050F0C7
:1015A00004008EF806005046C0B207EB8000C4620B
:1015B0001AF1010AB888B0F5807F00DB012652E0FD
:1015C000002818D0BCF1000F15D06D1C9EF80680C5
:1015D00058F001088EF80680D0465FFA88F807EBCD
:1015E0008808C8F80C005046C0B207EB8000C0F86D
:1015F0002CC01AF1010A002914D0002B12D06D1C46
:101600009EF8060050F002008EF806005046C0B268
:1016100007EB8000C1605046C0B207EB8000C36298
:101620001AF1010A002A14D0002C12D06D1C9EF869
:10163000060050F004008EF806005046C0B207EBDA
:101640008000C2605046C0B207EB8000C4621AF14D
:10165000010AB888B0F5807F03DAF888B0F5807F9A
:1016600000DB0126FFE7760156EA891635438EF83E
:101670000250BDE8F08738B5134C207A002801D01D
:10168000012000E000204FF4BC720E49C0B2F3F715
:1016900033FE0B4DE0880090A388AA7812F00F0269
:1016A0002168207AFFF74CFEA87810F00F0F02D0C7
:1016B0002000FFF789FE31BD2CAD0328CCC20228E3
:1016C00034AD0328F437091084A90328022801D374
:1016D000012010E00B00DBB2042B01DB01200AE04B
:1016E000DFF86C3303EB8000C9B2405C824201D367
:1016F000012000E000207047F8B506000F0015003B
:101700001C00022E01D301201DE02A003900C9B2BD
:101710003000FFF7DBFF012801D1012013E0380082
:10172000C0B2002812D1B4F5807F0DD2DFF82403B7
:101730007603304400EB850010F58050016864F3B7
:101740000F2101600020F2BD0120FCE7FFB2012F54
:1017500011D1B4F5803F0CD2DFF8F80276033044A3
:1017600000EB850010F5A050016864F317210160BB
:10177000E8E70120E7E70120E5E700B20012C0B288
:101780007047F8B505000E001700280000B2FFF7FB
:10179000F4FF04002000C0B2022801D3012023E09E
:1017A0003A003100C9B22000C0B2FFF78FFF012814
:1017B00001D1012018E0A7492000C0B2400308442D
:1017C0002A00D2B200EB8200D0F8000CF6B266F329
:1017D000092067F30700E4B264032144EDB201EB92
:1017E0008501C1F8000C0020F2BD70B504000D00A9
:1017F0001600022C01D301201CE032002900C9B2DE
:101800002000FFF763FF012801D1012012E0914978
:101810006003085850F0004050F0407050F47F00D2
:10182000EDB265F3092066F3070062038850640394
:101830000859002070BD80B50100C9B2032906DA3D
:101840008549C0B2C0010844F4F716FA07E083499D
:10185000C0B2C0010844B0F5C070F4F70DFA01BD84
:1018600070B596B004000D005021002202AE300089
:10187000F3F71EFE00262000C0B203286ADA002219
:1018800001212000C0B200F2711000B2FFF779FF11
:101890002000C0B200F2711000B2FFF76EFF092302
:1018A00000220121C0B2FFF727FF2000C0B200F2E2
:1018B000711000B2FFF761FF00220121C0B2FFF7F3
:1018C00094FF2000C0B210F5D570ADF800000220E2
:1018D000ADF8020001208DF80400032260482100C9
:1018E000C9B250F821106846F5F79EFDED0002954B
:1018F00000208DF80C0000208DF80D0000208DF8E0
:101900000E0000208DF8100003208DF84C000120FF
:10191000149000208DF8540000208DF855004E4D95
:1019200002A92000C0B2C0012844F4F7D1F8200079
:10193000C0B2C0012844F4F78BF92000C0B2C00146
:101940002844F4F7A1F9E4B2E40105EB0400F4F74C
:101950008DF97AE0002201212000C0B210F5B170AB
:1019600000B2FFF70EFF2000C0B210F5B17000B258
:10197000FFF703FF092300220121C0B2FFF7BCFEDD
:101980002000C0B210F5B17000B2FFF7F6FE0022E1
:101990000121C0B2FFF729FF2000C0B200F29B1066
:1019A000ADF800000220ADF8020001208DF804001F
:1019B00003222B482100C9B250F821106846F5F7E0
:1019C00033FDED00002005E0B5F5803F01D3761C26
:1019D0006D08401C0828F7DB02958DF80C6000208C
:1019E0008DF80D0000208DF80E0000208DF81000FD
:1019F00003208DF84C000120149000208DF8540035
:101A000000208DF85500154D02A92000C0B2C0017C
:101A10002844B0F5C070F4F75BF82000C0B2C001F4
:101A20002844B0F5C070F4F713F92000C0B2C0012B
:101A30002844B0F5C070F4F727F9E4B2E40105EBEF
:101A40000400B0F5C070F4F711F916B070BD0000D5
:101A500058420910000004400000594000805840DE
:101A600048C302280A18401A002A01D1002003E0C6
:101A70006421484390FBF2F070472DE9F84F772539
:101A80005E24DFF874920020C9F800009B4EBB2052
:101A90003060DFF86CA2D9F800008AF80000994F96
:101AA000306838705FF00208A34601E0BBF1010B1B
:101AB000C3451ADBBC20944A00FB05F11144BBEB83
:101AC0000803C95C00FB05F0104410F80B00FFF799
:101AD000C9FF00F085FC0B28E8DBBBF1020BC9F85D
:101AE00000B0D9F800008AF8000000E0641CD8F1CA
:101AF000BC00844215DABC20834A00FB05F1114486
:101B000018EB0403C95C00FB05F01044005DFFF70F
:101B1000A9FF00F065FC0B28E8DBA41C34603068EA
:101B20003870BDE8F18F2DE9FE4F754800780190BF
:101B300076480678012076490860012700E07F1C7E
:101B4000B42F57DADFF8C881D8F80000C72807DAC1
:101B5000002500200290002400205FF0000903E02F
:101B600048E0009819F10109B9F1080F40DA02992B
:101B7000B1EB09010831082291FBF2F302FB1311CA
:101B8000644A019B12F911C013EB0C0A02EB4101EC
:101B900091F9011046FA81FBBAF1BC0F02D2BBF1F8
:101BA000780F00D3DEE75849BC2202FB0BF2114448
:101BB00011F80A100091002C02D100980124D1E7FD
:101BC0000099FFF74FFF40420B28CADBCDF804A075
:101BD0005E4601984A49D8F8002088544B48D8F806
:101BE00000104654D8F80000401CC8F80000012539
:101BF000002DA4D14648006806E00021404A115457
:101C00000021424A1154401CC828F6DBBDE8F78F7A
:101C10002DE9FE4F3B48007801903F4806780120AF
:101C20003E490860012700E07F1CB42F56DADFF838
:101C3000EC80D8F80000C72807DA002500200290C1
:101C4000002400205FF0000903E047E0009819F14C
:101C50000109B9F1080F3FDA029919EB01010822D5
:101C600091FBF2F302FB13112A4A019B12F911C0F6
:101C700013EB0C0A02EB410191F9011046FA81FBCA
:101C8000BAF1BC0F02D2BBF1780F00D3DFE71E49D7
:101C9000BC2202FB0BF2114411F80A100091002C37
:101CA00002D100980124D2E70099FFF7DBFE404201
:101CB0000B28CBDBCDF804A05E4601981149D8F87B
:101CC000002088541448D8F800104654D8F8000072
:101CD000401CC8F800000125002DA5D10F48006860
:101CE00006E00021074A115400210B4A1154401C00
:101CF000C828F6DBBDE8F78F68AD032864C2022868
:101D000044BF02280CC00228E8C30228D4C002281D
:101D100068C2022834BF02289CC102286CC2022873
:101D200021A1B1EC061BB4EE410BF1EE10FA09DB78
:101D3000B1EE424B33EE001B00EE034B84EE010B81
:101D400040F0020030EE10CBB1EC063B2CF0004C22
:101D5000BCF1795F15D320EE001B03EE014B20EEA2
:101D6000013B04EE015B05EE030BB1EC083B03EE17
:101D7000014B04EE015B05EE016B06EE012B80EEDC
:101D8000020B38BF2031400810F0020F18BFB1EE2F
:101D9000400B01EBC00191ED001B30EE010B28BFA1
:101DA000B1EE400B7047000057CD9E5E1426D13F28
:101DB000000000000000F03FAA4C58E87AB6FB3F54
:101DC000845D57134B57B03FB2934C19ED5EE43F1F
:101DD000BEDE02B90240F83FDE39028FC7C0743F51
:101DE0008AAB1283000CC83F24D7E508B6D8F03F71
:101DF0000F34580E5895FD3F000000000000000011
:101E000066732D3852C1E03F182D4454FB21F93F31
:101E100066732D3852C1F03F182D4454FB21F93F11
:101E200066732D3852C10040182D4454FB210940DF
:101E30003FD038C6A6F1044010B5002042490860E2
:101E4000BFF34F8F41480168C1F34E32C1F3C9035C
:101E500043F6E07010EA421050EA83703C4C206078
:101E60001800431E0028F3D11000421E0028EDD1B7
:101E7000BFF34F8FBFF36F8FBFF34F8FBFF36F8FE2
:101E8000002034490860BFF34F8FBFF36F8F00F01D
:101E900001F810BD38B586B068462F491822F6F70C
:101EA000CFFC6846FCF75AF9C0B200280DD02B4C85
:101EB00018222B492000FAF713FF0020E0754E206E
:101EC000284908600020FAF743FF274D2800FCF757
:101ED000E7FBC0B200280DD0204C1822204920007A
:101EE000FAF7FEFE0020E07550201E490860002031
:101EF000FAF72EFF1D49286808600A681C488218F6
:101F00001C48B2FBF0F01C4A10601C48096801F242
:101F1000E7314FF47A72B1FBF2F101600068C0035F
:101F20001749086007B030BD80B500F05DFA15496B
:101F30000A6852F470020A60BFF34F8FBFF36F8FCD
:101F400000F056FA01BD000084ED00E080ED00E0F5
:101F500074EF00E050EF00E0503E0910F0AB0328B2
:101F60002C36091064AD0328C8AD0328CCAD032876
:101F70003F420F0040420F00D4AD0328D0AD0328EC
:101F8000D8AD032888ED00E070B505000C00002DE9
:101F900001D0012000E0002062225149C0B2F3F7D5
:101FA000ABF9002607E01E2229000120F4F7FBFA16
:101FB0001E351E3C0026002C0CD0B620F3F709FD80
:101FC000002809D11E2CEED2220029000120F4F7AE
:101FD000EAFA0024200070BD761C300080B264282C
:101FE00003DA0120F1F7BDFEE5E7F3E770B5050080
:101FF000002D01D0012000E000208B223849C0B222
:10200000F3F77AF900262800F4F774FE040007E0DD
:102010001E2229000120F4F7C6FA1E351E3C0026B8
:10202000002C0CD0B620F3F7D4FC002809D11E2CCC
:10203000EED2220029000120F4F7B5FA0024200096
:1020400070BD761C300080B2642803DA0120F1F7FD
:1020500088FEE5E7F3E738B504000D00002C01D059
:10206000012000E00020B6221D49C0B2F3F744F978
:10207000009500236A4621001A48F4F7ACFF009847
:1020800032BD10B5184C21000120F4F7A9FA002840
:1020900004D0012221001348F4F7CDFE10BD10B585
:1020A00000241249012000F07AF94023104A00214F
:1020B0000C48F5F743F9012301220021B620F3F77C
:1020C000C0FC102310225FF4E1310120F4F712FD6F
:1020D00001210120F4F74CFB2000C0B210BD00002C
:1020E0004838091080AC032850AE0328832009101B
:1020F000A0AA0328022801D301200FE00B00DBB2C5
:10210000042B01DB012009E0A04B03EB8000C9B2E6
:10211000405C824201D3012000E000207047F8B506
:1021200006000F0015001C00022E01D301201CE048
:102130002A003900C9B23000FFF7DCFF012801D1C5
:10214000012012E03800C0B2002811D1B4F5807F20
:102150000CD28F487603304400EB850010F5805098
:10216000016864F30F2101600020F2BD0120FCE74B
:10217000FFB2012F10D1B4F5803F0BD28448760313
:10218000304400EB850010F5A050016864F317217E
:102190000160E9E70120E8E70120E6E700B200126C
:1021A000C0B27047F8B505000E001700280000B255
:1021B000FFF7F4FF04002000C0B2022801D3012081
:1021C00023E03A003100C9B22000C0B2FFF792FF0D
:1021D000012801D1012018E06D492000C0B2400360
:1021E00008442A00D2B200EB8200D0F8000CF6B20C
:1021F00066F3092067F30700E4B264032144EDB2FB
:1022000001EB8501C1F8000C0020F2BD70B504009F
:102210000D001600022C01D301201CE03200290021
:10222000C9B22000FFF766FF012801D1012012E0AA
:1022300057496003085850F0004050F0407050F487
:102240007F00EDB265F3092066F307006203885052
:1022500064030859002070BD38B504004D4D2000BE
:10226000C0B2C001284410F5C070F3F7F1FCE4B22D
:10227000E40105EB040010F5C070F3F705FD31BD76
:1022800010B5040043482100C9B2C901084410F543
:10229000C070F3F7E9FC4049E4B2095D012902D1BD
:1022A0004FF4FA5100E00821B0FBF1F010BD80B509
:1022B0000021384AC0B2C001104410F5C070F3F7D5
:1022C000D1FC01BD70B594B004000D005021002276
:1022D0006E463000F3F7ECF82F482100C9B24554A0
:1022E000002201212000C0B210F5BA7000B2FFF741
:1022F00059FF2000C0B210F5BA7000B2FFF74EFFD0
:10230000092300220121C0B2FFF709FF2000C0B25B
:1023100010F5BA7000B2FFF741FF00220121C0B2F0
:10232000FFF774FF5FF0FF30009000208DF804008D
:1023300000208DF8050000208DF8060000208DF8A3
:10234000080003208DF844000120129001208DF830
:102350000700104D69462000C0B2C001284410F5A6
:10236000C070F3F7B5FB2000C0B2C001284410F5DF
:10237000C070F3F772FC0021E4B2E40105EB040045
:1023800010F5C070F3F76EFC14B070BD5842091020
:102390000000044000005940E8AD032870470C4A93
:1023A00010701078052809D10800002803D10948C9
:1023B000094908600BE00848016008E008000028AF
:1023C00003D104480549086001E0044801607047F2
:1023D0004DAE03289D230910D8C20228D4C202287A
:1023E000002848BF40427047EFF3108072B6704734
:1023F00080F310887047000000000000000000001B
:102400000000000000000000000000F800000000D4
:10241000000000333000000000100C06100C060015
:10242000000000000000000040C07840C07840007C
:10243000043F04043F040400007088FC08300000DE
:10244000001820FF211E0000F008F000E018000036
:1024500000211C031E211E0000F0088870000000EF
:102460001E2123241927211010160E000000000041
:102470000000000000000000000000E0180402005E
:10248000000000071820400000020418E0000000CF
:102490000040201807000000404080F080404000CD
:1024A0000202010F01020200000000F00000000023
:1024B0000101011F010101000000000000000000F7
:1024C00080B070000000000000000000000000006C
:1024D00000010101010101010000000000000000F5
:1024E0000030300000000000000000008060180490
:1024F000006018060100000000E010080810E0006D
:10250000000F102020100F00001010F80000000035
:102510000020203F2020000000700808088870007C
:1025200000302824222130000030088888483000FC
:102530000018202020110E000000C02010F800001C
:1025400000070424243F240000F8088888080800B5
:102550000019212020110E0000E0108888180000CA
:10256000000F112020110E0000380808C83808009C
:102570000000003F0000000000708808088870001C
:10258000001C222121221C0000E010080810E0009D
:102590000000312222110F00000000C0C000000026
:1025A000000000303000000000000080000000004B
:1025B0000000806000000000000080402010080043
:1025C000000102040810200040404040404040000C
:1025D00004040404040404000008102040800000E7
:1025E0000020100804020100007048080808F000EC
:1025F0000000003036010000C030C828E810E000BC
:102600000718272423140B000000C038E000000046
:10261000203C23020227382008F8888888700000B0
:10262000203F202020110E00C03008080808380084
:10263000071820202010080008F808080810E000FB
:10264000203F202020100F0008F88888E80810009C
:10265000203F20202320180008F88888E808100070
:10266000203F200003000000C030080808380000A8
:1026700007182020221E020008F808000008F808A9
:10268000203F210101213F20000808F80808000030
:102690000020203F2020000000000808F808080063
:1026A000C08080807F00000008F888C028180800DB
:1026B000203F20012638200008F808000000000014
:1026C000203F20202020300008F8F800F8F808000B
:1026D000203F003F003F200008F830C00008F80805
:1026E000203F200007183F00E01008080810E00015
:1026F0000F10202020100F0008F808080808F0002C
:10270000203F210101010000E01008080810E0004E
:102710000F18242438504F0008F8888888887000E3
:10272000203F2000030C3020007088080808380083
:102730000038202121221C00180808F80808180079
:102740000000203F2000000008F808000008F808FA
:10275000001F202020201F000878880000C83808AB
:10276000000007380E010000F80800F80008F80023
:10277000033C0700073C03000818688080681808BD
:1027800020302C03032C30200838C800C83808003B
:102790000000203F2000000010080808C83808008A
:1027A0002038262120201800000000FE020202002E
:1027B0000000007F40404000000C30C000000000DE
:1027C000000000010638C00000020202FE00000006
:1027D000004040407F0000000000040202020400AC
:1027E00000000000000000000000000000000000E9
:1027F00080808080808080800002020400000000D1
:1028000000000000000000000000808080800000C8
:102810000019242222223F2008F8008080000000B6
:10282000003F112020110E00000000808080000079
:10283000000E112020201100000000808088F80088
:10284000000E112020103F200000808080800000BA
:10285000001F222222221300008080F0888888181E
:102860000020203F20200000000080808080800029
:10287000006B94949493600008F8008080800000BE
:10288000203F210000203F20008098980000000099
:102890000020203F202000000000008098980000C9
:1028A00000C08080807F000008F8000080808000E9
:1028B000203F24022D302000000808F8000000000E
:1028C0000020203F202000008080808080808000C9
:1028D000203F20003F20003F80800080808000005B
:1028E000203F210000203F200000808080800000E9
:1028F000001F202020201F0080800080800000001A
:1029000080FFA12020110E00000000808080800048
:10291000000E112020A0FF80808080008080800039
:1029200020203F2120000100000080808080800066
:102930000033242424241900008080E080800000DB
:102940000000001F20200000808000000080800028
:10295000001F202020103F20808080000080808089
:1029600000010E3008060100808000800080808019
:102970000F300C030C300F0000808000808080003E
:102980000020312E0E312000808080000080808069
:1029900080818E7018060100008080808080800019
:1029A0000021302C2221300000000000807C020237
:1029B00000000000003F404000000000FF00000059
:1029C00000000000FF0000000002027C8000000008
:1029D0000040403F00000000000601010202040424
:1029E000000000000000000080B50020FEF723FF7B
:1029F00001BD80B50120FEF71EFF01BD80B502209C
:102A0000FEF719FFF7F7EAFB01BD38B503206F4960
:102A100091ED070AFDF781FE6AA42000FFF7E6FAB0
:102A20006B4D2888FDF756FE2000FFF7DFFA688817
:102A3000FDF750FE2000FFF7D9FAA888FDF74AFEFF
:102A40002000FFF7D3FAE888FDF744FE2000FFF7E7
:102A5000CDFA2889FDF73EFE2000FFF7C7FA688906
:102A6000FDF738FE2000FFF7C1FA5A4D032095ED1F
:102A7000060AFDF752FE2000FFF7B8FA032095ED95
:102A8000040AFDF74AFE2000FFF7B0FA032095ED97
:102A9000050AFDF742FE2000FFF7A8FA4E48B0F9FC
:102AA0000000FDF717FE2000FFF7A0FA4B48B0F931
:102AB0000000FDF70FFE2000FFF798FA4848B0F934
:102AC0000000FDF707FE2000FFF790FA4548B0F937
:102AD0000000FDF7FFFD3CA0FFF788FA0320FEF79A
:102AE000AAFEFDF7EBFD31BD80B50420FEF7A3FE85
:102AF00001BD80B50520FEF79EFE01BD80B5062014
:102B0000FEF799FE01BD80B50720FEF794FE01BDDA
:102B100080B50820FEF78FFE01BD80B50920FEF7C5
:102B20008AFE01BD80B50A20FEF785FE01BD80B595
:102B30000B20FEF780FE01BD80B50C20FEF77BFE6A
:102B400001BD80B50D20FEF776FE01BD80B50E20DB
:102B5000FEF771FE00F070F801BD80B50020F3F7BC
:102B60008CFB002801D0F2F7B7FB01BD80B5012036
:102B7000F3F783FB01BD80B50220F3F77EFB00284D
:102B800001D0FCF7E5FF01BD80B50320F3F775FB2D
:102B900001BD80B50420F3F770FB002801D0F8F7E1
:102BA00023FA01BD80B50520F3F767FB01BD80B5B1
:102BB0000620F3F762FB002802D00B48006880472C
:102BC00001BD00002C0000000A00000020AB03281B
:102BD00000AD0328A4C202280CAE03280EAE0328C1
:102BE0000AAE032808AE0328D8C20228704780B571
:102BF0000820F9F72FFD0920F9F72CFD01BD80B55C
:102C00001020F9F727FD1420F9F724FD01BD7047C6
:102C100070477047704770477047704770477047FC
:102C200070477047704770477047704770477047EC
:102C30007047704770477047F8B51948007800280A
:102C40002DD00020174C08202060174D042028604C
:102C500008202860042020600820206004202860CC
:102C6000002615E008202860104F072000F022F809
:102C70003100C9B227F81100042000F01BF8310020
:102C8000C9B207EB4101A1F8000108202060761CC1
:102C90003000C0B28028E5DB012005490870F1BD95
:102CA0004BAE0328080331400403314088A20328B7
:102CB0004CAE032830B40100C9B249090200D2B2B7
:102CC000202392FBF3F403FB1422154BC0B21B5CD0
:102CD0005B00D3F10403134C0800C0B254F8200089
:102CE0001500EDB2AD01284400F63C00056855F032
:102CF000010505600800C0B254F82000D0F80002B9
:102D0000C00F0028F6D1C9B254F82100D2B2920106
:102D10001044D0F8240880B2184180B230BC70470B
:102D200018AA0328DCC202280000000000000000EE
:102D3000002F000000000700070000147F147F141C
:102D400000242A7F2A1200626408132300364955A2
:102D5000225000000503000000001C22410000007A
:102D600041221C000014083E08140008083E080810
:102D7000000000A06000000808080808000060606B
:102D80000000402010080402003E5149453E00006A
:102D9000427F4000004261514946002141454B318C
:102DA000001814127F10002745454539003C4A4958
:102DB00049300001710905030036494949360006CA
:102DC0004949291E00003636000000005636000032
:102DD00000081422410000141414141400004122AD
:102DE000140800020151090600324959513E007C85
:102DF0001211127C007F49494936003E414141226F
:102E0000007F4141221C007F49494941007F090957
:102E10000901003E4149497A007F0808087F000007
:102E2000417F4100002040413F01007F08142241C2
:102E3000007F40404040007F020C027F007F04087A
:102E4000107F003E4141413E007F09090906003ED6
:102E50004151215E007F09192946004649494931FF
:102E60000001017F0101003F4040403F001F204022
:102E7000201F003F4038403F0063140814630007E0
:102E80000870080700615149454300007F41410037
:102E9000020408102040000041417F0000040201AC
:102EA00002040040404040400000010204000020B5
:102EB00054545478007F48444438003844444420F3
:102EC00000384444487F00385454541800087E09A0
:102ED00001020018A4A4A47C007F08040478000068
:102EE000447D4000004080847D00007F1028440025
:102EF0000000417F4000007C04180478007C080436
:102F0000047800384444443800FC24242418001871
:102F1000242418FC007C080404080048545454205D
:102F200000043F444020003C4040207C001C2040E6
:102F3000201C003C4030403C004428102844001C29
:102F4000A0A0A07C004464544C4414141414141421
:102F500038B5FEF7E9FF00F042F800F0C9F8714912
:102F60000868800312D4BFF34F8FBFF36F8F002028
:102F70006D4A1060BFF34F8FBFF36F8F086850F436
:102F800000300860BFF34F8FBFF36F8F0868C00336
:102F900024D40020654A1060BFF34F8F6448026854
:102FA000C2F34E33C2F3C90443F6E07010EA431093
:102FB00050EA84705F4D28602000441E0028F3D141
:102FC0001800431E0028EDD1BFF34F8F086850F45E
:102FD00080300860BFF34F8FBFF36F8F31BD70B586
:102FE00086B0684654491822F5F72AFC00200AE00A
:102FF00069460200D2B201EBC2014968491C11F0D6
:10300000070F0DD1401C0100C9B2032909D269463E
:103010000200D2B211F8321011F0070FE8D0FEE72B
:10302000FEE7464C207810F0070F00D0FEE7444D35
:103030002868401C10F0070F00D0FEE7002622E0B1
:1030400068463100C9B200EBC10041683000C0B22F
:1030500052F8300000F043F814E000200028EFD0D0
:103060002168491E3000C0B252F8300000F037F835
:1030700068463100C9B200EBC10041682868401CB5
:1030800000F02DF8761C3000C0B2032825D26A4625
:103090003000C0B252F83000002813D02068310050
:1030A000C9B252F8311088420AD368463100C9B219
:1030B00000EBC10040682168884201D30120CDE7C0
:1030C0000020CBE768463100C9B200EBC100406880
:1030D00021688842C1D30120C0E706B070BD00223C
:1030E000002302E0C0E9002308308842FAD3704789
:1030F00030B4144880081449144A002308E01C0026
:10310000E4B252F824401D00EDB241F825405B1CAA
:103110001C000500E4B2EDB2AC42F0D30C480160F3
:1031200030BC704714ED00E050EF00E084ED00E0AB
:1031300080ED00E060EF00E0383E09108C350910AA
:10314000903509108000000080AE032800000810B0
:1031500008ED00E0FEB504000D0001260821002264
:1031600001AF3800F2F7A4F9082000900120F0F731
:10317000F8FD0820009001236A4601A9DFF85000FD
:10318000F3F7F9FF210001A800F0CAF8002812D1D6
:10319000DFF8401001A800F0C3F800280DD1DFF8D7
:1031A000601101A800F0BCF8002806D12800451ED7
:1031B0000028DBD102E0002600E001263000C0B28A
:1031C000FEBD80B5DFF80800F3F7EAFD01BD0000A1
:1031D00068AC0328F04209102DE9F04188B00400E2
:1031E0000D00002C01D0012000E0002040F2BB3295
:1031F000DFF81C11C0B2F2F77FF842F21076370008
:1032000020210022E8464046F2F752F9DFF8FC8020
:1032100098F89300012852D198F8910000283FD1E6
:10322000FFF7CFFF29006846F2F7A5F942F2010047
:10323000854205D3DFF8DC100120F3F7C3F904E081
:10324000DFF8D4100120F3F7BDF998F892000128B7
:1032500003D12CA10120F3F7B5F969460120F3F75A
:10326000B1F929A10120F3F7ADF918A73100380011
:10327000FFF770FF002822D1FFF7A3FF2A002100EB
:103280000120F3F790F931003800FFF763FF0028C1
:1032900015D1002513E021780120F3F770F9641CA3
:1032A0002800451E00280AD0B620F2F792FB00281D
:1032B00003D03800471E0128F6DA012FEBDAFFF7BA
:1032C00080FF280008B0BDE8F08100004F4B0000EF
:1032D00038B504000D00002C01D0012000E00020D2
:1032E0004FF486620A49C0B2F2F706F8009500234F
:1032F0006A4621000948F3F76EFE009832BD0000CF
:10330000F8420910302C00000D0A000010A6032816
:103310002C3A0910E03F09103042091068AC03282C
:1033200070B50D462C7834B970BD11F8013F167890
:10333000B34206D0401C2146F6F70CFA28B10146EC
:103340002A4612F8013F002BEFD170BD010009B2EF
:10335000002908D4012210F01F018A404F4900B211
:10336000400941F820207047FEE780B54C480068CE
:103370004C4801680800C00F002805D04A4889055C
:10338000890D50F8210080470020FFF7DFFF01BDC5
:1033900080B546480068464801680800C00F00280C
:1033A00005D041488905890D50F82100804701204A
:1033B000FFF7CCFF01BD80B53E4800683E4801687C
:1033C0000800C00F002805D037488905890D50F83E
:1033D000210080470220FFF7B9FF01BD80B53748C3
:1033E0000068374801680800C00F002805D02E4843
:1033F0008905890D50F8210080470320FFF7A6FFBB
:1034000001BD80B52F4800682F4801680800C00F33
:10341000002805D024488905890D50F821008047EF
:103420000420FFF793FF01BD80B5284800682848B5
:1034300001680800C00F002805D01B488905890DC8
:1034400050F8210080470520FFF780FF01BD80B5BF
:1034500020480068204801680800C00F002805D0F7
:1034600011488905890D50F8210080470620FFF793
:103470006DFF01BD80B51948006819480168080052
:10348000C00F002805D008488905890D50F8210093
:1034900080470720FFF75AFF01BD000080E200E0EF
:1034A000004309100001204044B8022804430910D9
:1034B0000401204008430910080120400C43091072
:1034C0000C01204010430910100120401443091042
:1034D0001401204018430910180120401C43091012
:1034E0001C01204072B61D4908684FEA102000F008
:1034F0000F000E2808BF1A490D2808BF19490728D0
:1035000008BF1949082808BF1849086820F00B00AF
:1035100008600868BFF34F8F154816490860BFF36D
:103520004F8F1549086840F0070008601349086884
:1035300040F007000860BFF34F8FBFF36F8F00208C
:103540000021124AE2E802016A45FBD10C4FB8475C
:103550000C4FB8470C4FB847FEE700000000204072
:103560000C0020400C0420400C0820400C0C204093
:103570000000081008ED00E090EF00E094EF00E09C
:10358000512F0910A93C0910053E091000FF07281A
:10359000FFFF072870B505000C00002D01D00120A9
:1035A00000E0002063221F49C0B2F1F7A5FE00260B
:1035B00007E01E2229000120F2F7F5FF1E351E3C10
:1035C0000026002C0CD0B620F2F703FA002809D10F
:1035D0001E2CEED2220029000120F2F7E4FF002485
:1035E000200070BD761C300080B2642803DA012010
:1035F000F0F7B7FBE5E7F3E738B504000D00002C62
:1036000001D0012000E00020B8220649C0B2F1F745
:1036100073FE009500236A4621000348F3F7DBFCA4
:10362000009832BDEC38091020AC0328443A5C53B2
:103630006D6172744361725C6D696E655C4A4C4E7B
:10364000555F536D6172744361725F54776F4C655F
:10365000675C6C69627261726965735C73646B5CF0
:10366000747669696268346D5C7372635C737973D4
:1036700074656D5C73797374656D5F747669696286
:1036800068346D5F636D372E63000000443A5C530D
:103690006D6172744361725C6D696E655C4A4C4E1B
:1036A000555F536D6172744361725F54776F4C65FF
:1036B000675C6C69627261726965735C73646B5C90
:1036C000747669696268346D5C7372635C64726994
:1036D000766572735C737973636C6B5C63795F732B
:1036E0007973636C6B2E6800443A5C536D6172743D
:1036F0004361725C6D696E655C4A4C4E555F536DFB
:103700006172744361725F54776F4C65675C6C697A
:10371000627261726965735C73646B5C747669690B
:103720006268346D5C7372635C647269766572732F
:103730005C737973636C6B5C63795F737973636CCF
:103740006B2E6300443A5C536D6172744361725C2A
:103750006D696E655C4A4C4E555F536D6172744382
:1037600061725F54776F4C65675C6C6962726172FD
:103770006965735C73646B5C636F6D6D6F6E5C73B6
:1037800072635C6D775C666C6173685C63795F6DB6
:10379000775F666C6173682E63000000443A5C5387
:1037A0006D6172744361725C6D696E655C4A4C4E0A
:1037B000555F536D6172744361725F54776F4C65EE
:1037C000675C6C69627261726965735C73646B5C7F
:1037D000636F6D6D6F6E5C7372635C647269766546
:1037E00072735C6970635C63795F6970635F647254
:1037F000762E6800443A5C536D6172744361725C6A
:103800006D696E655C4A4C4E555F536D61727443D1
:1038100061725F54776F4C65675C6C69627261724C
:103820006965735C7A665F636F6D706F6E656E74E9
:10383000735C7365656B667265655F6173736973ED
:1038400074616E742E630000443A5C536D6172744F
:103850004361725C6D696E655C4A4C4E555F536D99
:103860006172744361725F54776F4C65675C6C6919
:10387000627261726965735C7A665F6465766963BA
:10388000655C7A665F6465766963655F77697265B2
:103890006C6573735F756172742E6300443A5C5398
:1038A0006D6172744361725C6D696E655C4A4C4E09
:1038B000555F536D6172744361725F54776F4C65ED
:1038C000675C6C69627261726965735C7A665F637A
:1038D0006F6D6D6F6E5C7A665F636F6D6D6F6E5F3F
:1038E00066756E6374696F6E2E630000443A5C53B4
:1038F0006D6172744361725C6D696E655C4A4C4EB9
:10390000555F536D6172744361725F54776F4C659C
:10391000675C6C69627261726965735C7A665F6428
:1039200065766963655C7A665F6465766963655F21
:10393000626C65366132302E63000000443A5C539D
:103940006D6172744361725C6D696E655C4A4C4E68
:10395000555F536D6172744361725F54776F4C654C
:10396000675C6C69627261726965735C7A665F64D8
:1039700065766963655C7A665F6465766963655FD1
:10398000696D7536363072632E630000443A5C53BD
:103990006D6172744361725C6D696E655C4A4C4E18
:1039A000555F536D6172744361725F54776F4C65FC
:1039B000675C6C69627261726965735C7A665F6488
:1039C00065766963655C7A665F6465766963655F81
:1039D0007466743138302E6300000000443A5C5342
:1039E0006D6172744361725C6D696E655C4A4C4EC8
:1039F000555F536D6172744361725F54776F4C65AC
:103A0000675C6C69627261726965735C7A665F6437
:103A100065766963655C7A665F6465766963655F30
:103A2000776966695F7370692E630000443A5C537E
:103A30006D6172744361725C6D696E655C4A4C4E77
:103A4000555F536D6172744361725F54776F4C655B
:103A5000675C6C69627261726965735C7A665F64E7
:103A600065766963655C7A665F6465766963655FE0
:103A7000776966695F756172742E6300443A5C53BE
:103A80006D6172744361725C6D696E655C4A4C4E27
:103A9000555F536D6172744361725F54776F4C650B
:103AA000675C6C69627261726965735C7A665F6497
:103AB00072697665725C7A665F6472697665725F58
:103AC000736F66745F6969632E630000443A5C53E8
:103AD0006D6172744361725C6D696E655C4A4C4ED7
:103AE000555F536D6172744361725F54776F4C65BB
:103AF000675C6C69627261726965735C7A665F6348
:103B00006F6D6D6F6E5C7A665F636F6D6D6F6E5F0C
:103B10006669666F2E630000443A5C536D6172748F
:103B20004361725C6D696E655C4A4C4E555F536DC6
:103B30006172744361725F54776F4C65675C6C6946
:103B4000627261726965735C7A665F6472697665D8
:103B5000725C7A665F6472697665725F666C6173C7
:103B6000682E6300443A5C536D6172744361725C09
:103B70006D696E655C4A4C4E555F536D617274435E
:103B800061725F54776F4C65675C6C6962726172D9
:103B90006965735C7A665F6472697665725C7A6681
:103BA0005F6472697665725F70776D2E63000000E6
:103BB000443A5C536D6172744361725C6D696E6509
:103BC0005C4A4C4E555F536D6172744361725F5431
:103BD000776F4C65675C6C69627261726965735C72
:103BE0007A665F6472697665725C7A665F64726930
:103BF0007665725F7370692E63000000443A5C530F
:103C00006D6172744361725C6D696E655C4A4C4EA5
:103C1000555F536D6172744361725F54776F4C6589
:103C2000675C6C69627261726965735C7A665F6415
:103C300072697665725C7A665F6472697665725FD6
:103C4000756172742E63000030B4002512E050F8E4
:103C5000042BD30744BF4A44521E091F042942F8CB
:103C6000045BFAD213468C0744BF15809B1CC9071E
:103C700048BF1D7050F8041B0029E8D130BC7047C4
:103C8000000000000100000002009001030032006B
:103C9000040000000500000006000000070000000E
:103CA000080020000900000010B5074979441831C8
:103CB000064C7C44163404E00A68081D1144884709
:103CC0000146A142F8D110BD2C00000048000000C0
:103CD0004EF68851CEF20001086840F4700008608A
:103CE000BFF34F8FBFF36F8F4FF00170E1EE100AFB
:103CF0007047000055FFFFFF6CEA0000E8C3022890
:103D0000000000002F17FFFFD8060000C4020000CB
:103D100044B8022804207146084202D0EFF309801B
:103D200001E0EFF3088000B50149884700BD0000BD
:103D300055CD081000000000000000000000000049
:103D4000801C800803D0401C801EFCD100BF70473F
:103D5000EFF3108072B6704780F310887047000050
:103D600000F00EF8002801D0FFF79EFFAFF30080AF
:103D70000020AFF30080FCF7B3F900F003F8000077
:103D80000020704700F000B807463846F5F7BEFC43
:103D9000FBE700000D0A66696C65202573206C69DD
:103DA0006E652025643A2025732E0D0A0000000060
:103DB000F1D906421400000A05006400000060EA20
:103DC0000000D0070000C8000000B8ED696D75362E
:103DD000363072632073656C6620636865636B20A0
:103DE0006572726F722E000004207146084201D085
:103DF000EFF30980EFF3088000B50149884700BD63
:103E00003D4209100548014603B4684680F309881D
:103E1000AFF30080FFF75CFFFFF7A2FFA5EDF5FE13
:103E20002020202020202020202020202020202092
:103E3000202020200000000000000228FFFF0728AB
:103E400000000020FF3F002000000000FF3F0000B6
:103E500000127A00000000000024F400008000003E
:103E600000800000008000000D0A66696C65202556
:103E700073206C696E652025642E0D0A0000000019
:103E80000100020004000800100020004000800033
:103E900000010002494D555F506F696E74735F4BAE
:103EA0004D325F7573656400202020202020202083
:103EB00020202020202020202000000025730D0A33
:103EC00025730D0A25730D0A25730D0A00000000E5
:103ED0002020202020202020202020200000000062
:103EE0004D6F746F725F494D555F54657374000078
:103EF0004D6F746F725F53706565643D30000000F4
:103F00004D6F746F725F4B654D755F31000000003F
:103F10004D6F746F725F59616F4B6F6E6700000079
:103F20004D6F746F725F4750535F4B4D310000000F
:103F30004750532D506F696E745F476574000000E1
:103F40004750532D506F696E744E756D0000000020
:103F5000494D555F4B4D312D53686F770000000080
:103F6000494D555F4B4D322D53686F77000000006F
:103F70002020202020202020202020202020000081
:103F8000494D555F506F696E74735F55736564007A
:103F9000494D555F506F696E74735F4B4D32000031
:103FA000494D555F4750535F7573656400000000CD
:103FB0003139322E3136382E35352E313536000036
:103FC00066696C653A206D646B2F257300000000F4
:103FD000417373657274206572726F720000000025
:103FE00041542B43495053454E444C3D0000000082
:103FF0004D656E7520312D312D3200004D656E7589
:1040000020312D322D3200004D656E7520312D335B
:104010002D3200004D656E7520312D342D3200009B
:104020004D656E7520312D352D3200004D656E7554
:1040300020312D362D3200004D656E7520312D3723
:104040002D3200004D656E7520312D382D32000067
:104050004D6F7465725F4D6F64650000506F696EDF
:10406000745F4C696E6500004D6F746F725F5A65C6
:10407000726F00004D6F746F725F4B4D5F320000C6
:104080004D6F746F725F4750530000004D6F746F37
:1040900072204D6F642031004D6F746F72204D6F30
:1040A000642032004D6F746F72204D6F64203300B6
:1040B0004D6F746F72204D6F642034004D6F746FBC
:1040C00072204D6F642035004D6F746F72204D6FFC
:1040D000642036004D6F746F72204D6F642037007E
:1040E0004D6F746F72204D6F64203800416E676CA5
:1040F000655F565F503A0000416E676C655F503AED
:104100000000000053706565645F503A00000000D5
:1041100053706565645F493A00000000537065653F
:10412000645F443A0000000020202020202020204E
:1041300020000000202020202020202020202000FF
:104140004750532D53686F7700000000586975473A
:10415000616920580000000058697547616920595D
:1041600000000000494D555F506F696E7473000088
:1041700038383838383838380000000066696C65DF
:104180003A202573000000006C696E653A202564B2
:10419000000000004C6F67206D65737361676500F8
:1041A000F1D906010300F00001FB1000F1D906016E
:1041B0000300F00501001A00F1D906010300F00127
:1041C00000FB1100F1D906010300F00200FC13000E
:1041D000F1D906010300F00300FD1500F1D9060135
:1041E0000300F00400FE1700F1D906010300F006F9
:1041F00000001B00F1D906010300F00700011D00BB
:10420000F1D906010300F00800021F00F1D90601F0
:104210000300F040003A8F00F1D906010300F020BE
:10422000001A4F0025730D0A25730D0A00000000C7
:1042300041542B43495053454E443D00816911F888
:10424000021CC9B2016070470000000000000000BD
:104250000200000001000000030100001011001026
:104260004D656E75203600004D656E752037000077
:1042700043616D6572610000416E676C653A0000D4
:10428000506F696E743A0000494D555F4B4D3100D7
:10429000494D555F4B4D32004E6F773A000000009C
:1042A0007374613A000000006469723A0000000013
:1042B0006E756D3A0000000073686F772020000073
:1042C0005869754761690000494D555F4750530073
:1042D0003830383600000000363636360000000030
:1042E000307800000000000025730D0A0000000077
:1042F0004552524F52000000627573790000000071
:1043000000000000000000000000000000000000AD
:10431000000000000000000000000000000000009D
:10432000000000000000000000000000000000008D
:10433000000000000000000000000000000000007D
:10434000000000000000000000000000000000006D
:10435000000000000000000000000000000000005D
:10436000000000000000000000000000000000004D
:10437000000000000000000000000000000000003D
:10438000000000000000000000000000000000002D
:10439000000000000000000000000000080070475E
:1043A00000207047FFF7FEBFFFF7B4BCFFF7B2BCB9
:1043B000FFF7B0BCFFF7FEBFFFF7FEBFFFF7FEBF82
:1043C000FFF7FEBFFFF7FEBFFFF7FEBFFFF7FEBF21
:1043D000FFF7FEBFFFF7FEBFFFF7FEBFFFF7FEBF11
:1043E000F002FF6933091004F1FF04F1FF04F1FF4B
:1043F00004F1FF04F1FF04F17704100444B802282B
:1044000000020110030002FE00FE01F005B300FEF1
:10441000029696960001F001B4646464C8F001FF4E
:10442000777777C8F16C0112BBC65201048002662F
:104430006656C1D54340410C21084004803F00002E
:10444000C04008610441012016022B073DF7E471CA
:10445000BF11C73ABCD49AA6BE000030C3000018F2
:10446000C22092FF0110039D430910A104439D2324
:10447000041004000090400010041006209040ED4D
:104480002B0910EF0412FF0410030F2C0910110464
:10449000121304121504121704121904121B041229
:1044A0001D04121F041221041223041225041227D2
:1044B00004122904122B04122D04122F04123104A9
:1044C0001233041235041237041003E9290910F3DA
:1044D0000412FD04130B2A10110412F30412FD043C
:1044E000120774121104121B04122504122F041255
:1044F0003904124304124D041001000067F81268D9
:1045000004126904100166405B14126D04127704F2
:1045100012890412930412A50432AF2C12602412E3
:104520006504126404126304436240404002664022
:104530009001027008A000800000F8FFFF770101E1
:104540000206000000000000000000000000000063
:10455000000000000000000000000000000000005B
:10456000000000000000000000000000000000004B
:10457000000000000000000000000000000000003B
:10458000000000000000000000000000000000002B
:10459000000000000000000000000000000000001B
:1045A000000000000000000000000000000000000B
:1045B00000000000000000000000000000000000FB
:1045C00000000000000000000000000000000000EB
:1045D00000000000000000000000000000000000DB
:1045E00000000000000000000000000000000000CB
:1045F00000000000000000000000000000000000BB
:03460000000000B7
:0400000510093E059B
:00000001FF
